track,compound,tire_age_bucket,avg_speed_kmh,min_speed_kmh,max_speed_kmh,throttle_percent,braking_percent,coasting_percent,avg_gear,gear_changes
Abu Dhabi Grand Prix,HARD,cliff,209.36161742199744,59.0,313.0,0.5527817403708988,0.15652382587866454,0.048888751059562904,5.445491307131132,40.5
Abu Dhabi Grand Prix,HARD,fresh,210.03524556590605,62.0,311.0,0.5720653789004457,0.1686390532544378,0.0582241630276564,5.452415812591508,40.0
Abu Dhabi Grand Prix,HARD,old,210.3081603650965,60.0,313.0,0.5861359761295823,0.1634726967084214,0.04217096469607225,5.441653864283095,39.0
Abu Dhabi Grand Prix,HARD,prime,209.6981663657065,61.0,312.0,0.5773742915544984,0.16595440294645847,0.053454502162784204,5.45172098721849,40.0
Abu Dhabi Grand Prix,HARD,used,210.39100969451096,60.0,312.0,0.5808823529411765,0.1647058823529411,0.0535714285714285,5.468795355587808,40.0
Abu Dhabi Grand Prix,INTERMEDIATE,cliff,188.2160940623757,53.041000000000004,281.387,0.48644793152639093,0.18469811453682414,0.0537776261655192,5.282126567917198,38.475
Abu Dhabi Grand Prix,INTERMEDIATE,fresh,188.82168576374954,55.738,279.589,0.5034175334323923,0.1989940828402366,0.06404657933042204,5.288843338213763,38.0
Abu Dhabi Grand Prix,INTERMEDIATE,old,189.06703616822176,53.94,281.387,0.5157996589940325,0.19289778211593725,0.04638806116567948,5.278404248354603,37.05
Abu Dhabi Grand Prix,INTERMEDIATE,prime,188.51865156277015,54.839,280.488,0.5080893765679586,0.19582619547682098,0.05879995237906263,5.2881693576019355,38.0
Abu Dhabi Grand Prix,INTERMEDIATE,used,189.14151771536535,53.94,280.488,0.5111764705882353,0.19435294117647048,0.05892857142857135,5.304731494920174,38.0
Abu Dhabi Grand Prix,MEDIUM,cliff,194.19821214659453,61.0,317.0,0.5096929352008619,0.1908772869817356,0.05466059216468645,4.9162898652273395,44.0
Abu Dhabi Grand Prix,MEDIUM,fresh,194.19821214659453,61.0,317.0,0.5096929352008619,0.1908772869817356,0.05466059216468645,4.9162898652273395,44.0
Abu Dhabi Grand Prix,MEDIUM,old,208.6715482371768,59.5,312.0,0.5948395253760766,0.1643548980861264,0.0567148484938242,5.346639364457575,38.5
Abu Dhabi Grand Prix,MEDIUM,prime,208.54198596139364,61.0,313.0,0.5798561151079137,0.1736011477761836,0.0469208211143695,5.37151248164464,40.0
Abu Dhabi Grand Prix,MEDIUM,used,209.25331514647763,61.0,310.0,0.5959533959277645,0.16901323309592892,0.0393365926902512,5.362595668787517,40.0
Abu Dhabi Grand Prix,SOFT,cliff,210.9889829181184,68.0,307.0,0.6054131054131054,0.1562974203338391,0.0379362670713201,5.55690440060698,40.0
Abu Dhabi Grand Prix,SOFT,fresh,210.9889829181184,68.0,307.0,0.6054131054131054,0.1562974203338391,0.0379362670713201,5.55690440060698,40.0
Abu Dhabi Grand Prix,SOFT,old,210.9889829181184,68.0,307.0,0.6054131054131054,0.1562974203338391,0.0379362670713201,5.55690440060698,40.0
Abu Dhabi Grand Prix,SOFT,prime,210.57011298701872,66.0,309.0,0.6043860452339529,0.15238194162055124,0.044427512670532146,5.526143676982988,37.5
Abu Dhabi Grand Prix,SOFT,used,208.388251848106,63.0,311.0,0.5738880918220947,0.1592539454806312,0.0465444287729196,5.493449781659389,41.0
Abu Dhabi Grand Prix,WET,cliff,176.70120510416584,49.796,264.17199999999997,0.4145863052781741,0.2034809736422639,0.058666501271475484,5.064306915631953,36.45
Abu Dhabi Grand Prix,WET,fresh,177.26974725762472,52.327999999999996,262.484,0.4290490341753343,0.21923076923076912,0.06986899563318767,5.0707467057101026,36.0
Abu Dhabi Grand Prix,WET,old,177.50008734814145,50.64,264.17199999999997,0.43960198209718676,0.21251450572094782,0.050605157635286696,5.060738093783279,35.1
Abu Dhabi Grand Prix,WET,prime,176.98525241265628,51.484,263.328,0.4330307186658738,0.21574072383039603,0.06414540259534104,5.070100518113196,36.0
Abu Dhabi Grand Prix,WET,used,177.57001218216723,50.64,263.328,0.43566176470588236,0.2141176470588234,0.0642857142857142,5.085979680696662,36.0
Australian Grand Prix,HARD,cliff,231.41303169143984,88.0,309.0,0.6741214057507987,0.1357827476038338,0.0143769968051118,6.0894568690095845,39.0
Australian Grand Prix,HARD,fresh,228.04539309764715,89.5,310.0,0.6497583914551242,0.1427409931840311,0.0315262651308287,5.898398459900058,33.0
Australian Grand Prix,HARD,old,227.05151054937653,88.0,308.0,0.6565838342841828,0.13674084163927125,0.028985133941713252,5.97515864339478,34.0
Australian Grand Prix,HARD,prime,229.30426943481476,89.0,310.0,0.6617161716171617,0.1405750798722044,0.0286624203821656,5.9308600337268125,32.0
Australian Grand Prix,HARD,used,228.22881429230472,88.0,309.0,0.6611261855442595,0.14011200344625985,0.02764218101190275,5.922766248291289,31.0
Australian Grand Prix,INTERMEDIATE,cliff,208.04031549060443,79.112,277.791,0.5932268370607029,0.16022364217252388,0.015814696485622982,5.906773162939297,37.05
Australian Grand Prix,INTERMEDIATE,fresh,205.0128083947848,80.4605,278.69,0.5717873844805093,0.1684343719571567,0.03467889164391157,5.721446506103056,31.349999999999998
Australian Grand Prix,INTERMEDIATE,old,204.1193079838895,79.112,276.892,0.5777937741700808,0.16135419313434007,0.03188364733588458,5.795903884092936,32.3
Australian Grand Prix,INTERMEDIATE,prime,206.14453822189847,80.011,278.69,0.5823102310231023,0.1658785942492012,0.03152866242038216,5.752934232715008,30.4
Australian Grand Prix,INTERMEDIATE,used,205.17770404878195,79.112,277.791,0.5817910432789484,0.1653321640665866,0.03040639911309303,5.74508326084255,29.45
Australian Grand Prix,MEDIUM,cliff,225.077071632622,87.0,324.0,0.6346433770014556,0.1676923076923077,0.0296411856474258,5.790625,35.0
Australian Grand Prix,MEDIUM,fresh,225.077071632622,87.0,324.0,0.6346433770014556,0.1676923076923077,0.0296411856474258,5.790625,35.0
Australian Grand Prix,MEDIUM,old,225.077071632622,87.0,324.0,0.6346433770014556,0.1676923076923077,0.0296411856474258,5.790625,35.0
Australian Grand Prix,MEDIUM,prime,226.92676609613628,86.0,314.0,0.6463022508038585,0.1521739130434782,0.0258481421647819,5.859304084720121,33.0
Australian Grand Prix,MEDIUM,used,226.96838063880716,82.5,314.5,0.6460991314764899,0.15366144327805664,0.03108974358974355,5.919103218210362,40.0
Australian Grand Prix,SOFT,cliff,222.20099084197884,85.0,330.0,0.6117103235747303,0.1771956856702619,0.0198170731707317,5.768518518518518,38.0
Australian Grand Prix,SOFT,fresh,222.20099084197884,85.0,330.0,0.6117103235747303,0.1771956856702619,0.0198170731707317,5.768518518518518,38.0
Australian Grand Prix,SOFT,old,222.20099084197884,85.0,330.0,0.6117103235747303,0.1771956856702619,0.0198170731707317,5.768518518518518,38.0
Australian Grand Prix,SOFT,prime,223.63515851342453,83.0,327.0,0.6458333333333334,0.1826923076923076,0.0192307692307692,5.940705128205129,34.0
Australian Grand Prix,SOFT,used,223.63515851342453,83.0,327.0,0.6458333333333334,0.1826923076923076,0.0192307692307692,5.940705128205129,34.0
Australian Grand Prix,WET,cliff,195.3125987475752,74.27199999999999,260.796,0.505591054313099,0.17651757188498393,0.017252396166134158,5.663194888178914,35.1
Australian Grand Prix,WET,fresh,192.4703117744142,75.538,261.64,0.4873187935913431,0.18556329113924044,0.03783151815699444,5.485510567707054,29.7
Australian Grand Prix,WET,old,191.6314749036738,74.27199999999999,259.952,0.4924378757131371,0.17776309413105262,0.034782160730055904,5.556897538357146,30.6
Australian Grand Prix,WET,prime,193.53280340298366,75.116,261.64,0.4962871287128713,0.18274760383386573,0.03439490445859872,5.515699831365936,28.8
Australian Grand Prix,WET,used,192.62511926270517,74.27199999999999,260.796,0.49584463915819466,0.1821456044801378,0.0331706172142833,5.508172610910899,27.900000000000002
Austrian Grand Prix,HARD,cliff,218.80652074003677,65.0,302.0,0.6177594516158684,0.19722149823728718,0.042163188493463705,5.6426649432852924,33.0
Austrian Grand Prix,HARD,fresh,218.80652074003677,65.0,302.0,0.6177594516158684,0.19722149823728718,0.042163188493463705,5.6426649432852924,33.0
Austrian Grand Prix,HARD,old,216.2796158662674,62.0,305.0,0.5888879362085226,0.19925581201797693,0.0449021309960516,5.654157224678356,35.0
Austrian Grand Prix,HARD,prime,217.95092686549037,64.0,302.0,0.6072727272727273,0.1923076923076923,0.0487364620938628,5.65,33.0
Austrian Grand Prix,HARD,used,216.8136283968756,63.0,303.0,0.5992366412213741,0.1951219512195122,0.0464684014869888,5.645951035781544,34.0
Austrian Grand Prix,INTERMEDIATE,cliff,196.70706214529307,58.435,271.498,0.5436283174219643,0.23272136791999887,0.04637950734281008,5.473384994986733,31.349999999999998
Austrian Grand Prix,INTERMEDIATE,fresh,196.70706214529307,58.435,271.498,0.5436283174219643,0.23272136791999887,0.04637950734281008,5.473384994986733,31.349999999999998
Austrian Grand Prix,INTERMEDIATE,old,194.43537466377438,55.738,274.195,0.5182213838634999,0.23512185818121276,0.049392344095656765,5.484532507938005,33.25
Austrian Grand Prix,INTERMEDIATE,prime,195.93788325207586,57.536,271.498,0.5344,0.2269230769230769,0.05361010830324908,5.4805,31.349999999999998
Austrian Grand Prix,INTERMEDIATE,used,194.91545192879116,56.637,272.397,0.5273282442748092,0.23024390243902437,0.05111524163568769,5.4765725047080975,32.3
Austrian Grand Prix,MEDIUM,cliff,218.232128785548,63.0,310.0,0.6143667296786389,0.2014787430683918,0.0394736842105263,5.639556377079482,36.0
Austrian Grand Prix,MEDIUM,fresh,218.232128785548,63.0,310.0,0.6143667296786389,0.2014787430683918,0.0394736842105263,5.639556377079482,36.0
Austrian Grand Prix,MEDIUM,old,217.18299343934825,58.5,314.5,0.5961186278529452,0.21550163614843695,0.02516759969590155,5.629617690228947,37.5
Austrian Grand Prix,MEDIUM,prime,217.54299440320835,62.0,303.0,0.6165413533834586,0.1962616822429906,0.03954802259887,5.6717267552182165,35.0
Austrian Grand Prix,MEDIUM,used,216.10807693824904,62.0,301.0,0.6080600579647917,0.1970249944702499,0.04078199786508725,5.63779721443831,35.0
Austrian Grand Prix,SOFT,cliff,205.67694687799934,60.0,304.0,0.563108593768971,0.2057623661397246,0.0339537650858405,5.335093853961778,36.0
Austrian Grand Prix,SOFT,fresh,205.67694687799934,60.0,304.0,0.563108593768971,0.2057623661397246,0.0339537650858405,5.335093853961778,36.0
Austrian Grand Prix,SOFT,old,205.67694687799934,60.0,304.0,0.563108593768971,0.2057623661397246,0.0339537650858405,5.335093853961778,36.0
Austrian Grand Prix,SOFT,prime,227.19554956443795,66.0,302.0,0.6647509578544061,0.1841085271317829,0.0323809523809523,5.819047619047619,33.0
Austrian Grand Prix,SOFT,used,227.19554956443795,66.0,302.0,0.6647509578544061,0.1841085271317829,0.0323809523809523,5.819047619047619,33.0
Austrian Grand Prix,WET,cliff,184.67270350459103,54.86,254.888,0.4633195887119013,0.25638794770847334,0.05059582619215645,5.2476783972553225,29.7
Austrian Grand Prix,WET,fresh,184.67270350459103,54.86,254.888,0.4633195887119013,0.25638794770847334,0.05059582619215645,5.2476783972553225,29.7
Austrian Grand Prix,WET,old,182.53999579112968,52.327999999999996,257.42,0.441665952156392,0.25903255562337,0.05388255719526192,5.258366218950871,31.5
Austrian Grand Prix,WET,prime,183.95058227447387,54.016,254.888,0.45545454545454545,0.25,0.05848375451263536,5.2545,29.7
Austrian Grand Prix,WET,used,182.990702366963,53.172,255.732,0.4494274809160306,0.25365853658536586,0.05576208178438656,5.250734463276836,30.6
Azerbaijan Grand Prix,HARD,cliff,196.78587570399907,67.0,324.0,0.5698254364089775,0.2198757763975155,0.0506024096385542,4.987819732034104,52.0
Azerbaijan Grand Prix,HARD,fresh,195.4556321500329,67.0,335.0,0.537830826351866,0.2384661840196201,0.0469040180508548,4.993361858475668,54.0
Azerbaijan Grand Prix,HARD,old,197.9367352474294,67.0,327.0,0.5626164596273292,0.22691619610379765,0.03897332193041845,5.044556142319816,51.0
Azerbaijan Grand Prix,HARD,prime,196.24642027843097,67.0,330.0,0.5484261501210653,0.2296885402019876,0.04428006730512895,5.029167233456154,53.0
Azerbaijan Grand Prix,HARD,used,196.5004767766967,66.0,327.5,0.5475636262845813,0.23067819720480787,0.04399623903345985,5.035801672225118,53.0
Azerbaijan Grand Prix,INTERMEDIATE,cliff,176.91050225789516,60.233000000000004,291.276,0.5014463840399003,0.25945341614906825,0.05566265060240962,4.83818514007308,49.4
Azerbaijan Grand Prix,INTERMEDIATE,fresh,175.71461330287957,60.233000000000004,301.165,0.47329112718964206,0.2813900971431517,0.05159441985594028,4.843561002721398,51.3
Azerbaijan Grand Prix,INTERMEDIATE,old,177.94512498743904,60.233000000000004,293.973,0.4951024844720497,0.2677611114024812,0.0428706541234603,4.893219458050222,48.449999999999996
Azerbaijan Grand Prix,INTERMEDIATE,prime,176.42553183030944,60.233000000000004,296.67,0.4826150121065375,0.27103247743834535,0.04870807403564185,4.878292216452469,50.349999999999994
Azerbaijan Grand Prix,INTERMEDIATE,used,176.65392862225033,59.334,294.4225,0.4818559911304316,0.2722002727016733,0.04839586293680584,4.884727622058365,50.349999999999994
Azerbaijan Grand Prix,MEDIUM,cliff,194.96544824368507,66.0,328.46999936,0.533345084565527,0.23311638383197414,0.04094318013890935,4.986897007323639,55.0
Azerbaijan Grand Prix,MEDIUM,fresh,194.96544824368507,66.0,328.46999936,0.533345084565527,0.23311638383197414,0.04094318013890935,4.986897007323639,55.0
Azerbaijan Grand Prix,MEDIUM,old,194.96544824368507,66.0,328.46999936,0.533345084565527,0.23311638383197414,0.04094318013890935,4.986897007323639,55.0
Azerbaijan Grand Prix,MEDIUM,prime,196.11744182192905,67.0,326.0,0.5562422744128553,0.2250300842358604,0.0387984981226533,5.045893719806763,53.0
Azerbaijan Grand Prix,MEDIUM,used,196.1245018470454,65.0,322.0,0.5264483627204031,0.233800350262697,0.0377833753148614,5.137847642079807,56.0
Azerbaijan Grand Prix,SOFT,cliff,139.83466819516195,65.0,220.5,0.0285074094892742,0.14737586164633085,0.17953589083629526,3.6796795866069907,32.0
Azerbaijan Grand Prix,SOFT,fresh,139.83466819516195,65.0,220.5,0.0285074094892742,0.14737586164633085,0.17953589083629526,3.6796795866069907,32.0
Azerbaijan Grand Prix,SOFT,old,139.83466819516195,65.0,220.5,0.0285074094892742,0.14737586164633085,0.17953589083629526,3.6796795866069907,32.0
Azerbaijan Grand Prix,SOFT,prime,139.83466819516195,65.0,220.5,0.0285074094892742,0.14737586164633085,0.17953589083629526,3.6796795866069907,32.0
Azerbaijan Grand Prix,SOFT,used,139.83466819516195,65.0,220.5,0.0285074094892742,0.14737586164633085,0.17953589083629526,3.6796795866069907,32.0
Azerbaijan Grand Prix,WET,cliff,166.08727909417522,56.547999999999995,273.456,0.4273690773067331,0.28583850931677013,0.060722891566265036,4.638672350791716,46.800000000000004
Azerbaijan Grand Prix,WET,fresh,164.96455353462775,56.547999999999995,282.74,0.40337311976389945,0.3100060392255061,0.056284821661025754,4.643826528382371,48.6
Azerbaijan Grand Prix,WET,old,167.0586045488304,56.547999999999995,275.988,0.4219623447204969,0.29499105493493694,0.046767986316502135,4.69143721235743,45.9
Azerbaijan Grand Prix,WET,prime,165.63197871499574,56.547999999999995,278.52,0.41131961259079897,0.2985951022625839,0.05313608076615474,4.677125527114224,47.7
Azerbaijan Grand Prix,WET,used,165.846402399532,55.704,276.40999999999997,0.410672719713436,0.29988165636625025,0.05279548684015182,4.6832955551693605,47.7
Bahrain Grand Prix,HARD,cliff,199.83516486501594,63.0,304.0,0.5438122043931173,0.2080658256580383,0.047907103825136604,5.220606068824436,46.0
Bahrain Grand Prix,HARD,fresh,199.83516486501594,63.0,304.0,0.5438122043931173,0.2080658256580383,0.047907103825136604,5.220606068824436,46.0
Bahrain Grand Prix,HARD,old,199.2796958854904,60.0,301.0,0.5348525469168901,0.2090163934426229,0.0373961218836565,5.3392130257801895,45.0
Bahrain Grand Prix,HARD,prime,199.690369890141,62.0,304.0,0.5523182479241993,0.21020922948122056,0.041495711936960195,5.219296487904401,46.0
Bahrain Grand Prix,HARD,used,199.52591814884585,61.0,305.0,0.5514641900937082,0.20717680451500048,0.03781271998453495,5.217981557377049,45.5
Bahrain Grand Prix,INTERMEDIATE,cliff,179.65181321364935,56.637,273.296,0.4785547398659432,0.2455176742764852,0.05269781420765027,5.063987886759703,43.699999999999996
Bahrain Grand Prix,INTERMEDIATE,fresh,179.65181321364935,56.637,273.296,0.4785547398659432,0.2455176742764852,0.05269781420765027,5.063987886759703,43.699999999999996
Bahrain Grand Prix,INTERMEDIATE,old,179.15244660105589,53.94,270.599,0.4706702412868633,0.246639344262295,0.04113573407202215,5.179036635006784,42.75
Bahrain Grand Prix,INTERMEDIATE,prime,179.52164253123675,55.738,273.296,0.4860400581732954,0.24804689078784026,0.04564528313065622,5.062717593267269,43.699999999999996
Bahrain Grand Prix,INTERMEDIATE,used,179.3738004158124,54.839,274.195,0.4852884872824632,0.24446862932770055,0.041593991982988444,5.0614421106557375,43.225
Bahrain Grand Prix,MEDIUM,cliff,187.90762857248245,57.8185,287.59749999999997,0.5006549497215683,0.23134699223595528,0.047907103825136604,5.089620553359683,43.699999999999996
Bahrain Grand Prix,MEDIUM,fresh,187.90762857248245,57.8185,287.59749999999997,0.5006549497215683,0.23134699223595528,0.047907103825136604,5.089620553359683,43.699999999999996
Bahrain Grand Prix,MEDIUM,old,187.90762857248245,57.8185,287.59749999999997,0.5006549497215683,0.23134699223595528,0.047907103825136604,5.089620553359683,43.699999999999996
Bahrain Grand Prix,MEDIUM,prime,187.90762857248245,57.8185,287.59749999999997,0.5006549497215683,0.23134699223595528,0.047907103825136604,5.089620553359683,43.699999999999996
Bahrain Grand Prix,MEDIUM,used,187.90762857248245,57.8185,287.59749999999997,0.5006549497215683,0.23134699223595528,0.047907103825136604,5.089620553359683,43.699999999999996
Bahrain Grand Prix,SOFT,cliff,196.16344393131556,59.0,304.0,0.5152698412698413,0.21822535514421,0.048298231582689,5.089620553359683,49.0
Bahrain Grand Prix,SOFT,fresh,196.16344393131556,59.0,304.0,0.5152698412698413,0.21822535514421,0.048298231582689,5.089620553359683,49.0
Bahrain Grand Prix,SOFT,old,196.16344393131556,59.0,304.0,0.5152698412698413,0.21822535514421,0.048298231582689,5.089620553359683,49.0
Bahrain Grand Prix,SOFT,prime,197.2983361064145,61.0,306.0,0.5396825396825397,0.2077562326869806,0.0484094052558782,5.125668449197861,46.0
Bahrain Grand Prix,SOFT,used,200.77523921208603,62.0,306.0,0.5696551724137932,0.2030178326474623,0.0467914438502673,5.205882352941177,41.0
Bahrain Grand Prix,WET,cliff,168.66087914607346,53.172,256.57599999999996,0.40785915329483796,0.2704855733554498,0.057488524590163924,4.855163644006725,41.4
Bahrain Grand Prix,WET,fresh,168.66087914607346,53.172,256.57599999999996,0.40785915329483796,0.2704855733554498,0.057488524590163924,4.855163644006725,41.4
Bahrain Grand Prix,WET,old,168.1920633273539,50.64,254.04399999999998,0.4011394101876676,0.2717213114754098,0.0448753462603878,4.965468113975576,40.5
Bahrain Grand Prix,WET,prime,168.538672187279,52.327999999999996,256.57599999999996,0.41423868594314944,0.27327199832558674,0.04979485432435223,4.853945733751093,41.4
Bahrain Grand Prix,WET,used,168.39987491762588,51.484,257.42,0.41359814257028116,0.26932984586950065,0.045375263981441934,4.852722848360656,40.95
Belgian Grand Prix,HARD,cliff,230.37313284284164,72.0,328.0,0.63,0.150735294117647,0.0369942196531791,5.868292682926829,40.0
Belgian Grand Prix,HARD,fresh,230.37313284284164,72.0,328.0,0.63,0.150735294117647,0.0369942196531791,5.868292682926829,40.0
Belgian Grand Prix,HARD,old,232.15801922051853,71.0,325.0,0.6511056511056511,0.1390977443609022,0.0394088669950738,6.101137800252845,39.0
Belgian Grand Prix,HARD,prime,230.40978108087603,71.0,326.0,0.6321428571428571,0.1494532199270959,0.0350665054413542,5.885204081632653,39.0
Belgian Grand Prix,HARD,used,230.4981811802068,71.0,324.0,0.6371463714637147,0.1465201465201465,0.033452807646356,5.96372430471584,38.0
Belgian Grand Prix,INTERMEDIATE,cliff,207.10544642571463,64.72800000000001,294.872,0.5544,0.17786764705882344,0.04069364161849701,5.692243902439024,38.0
Belgian Grand Prix,INTERMEDIATE,fresh,207.10544642571463,64.72800000000001,294.872,0.5544,0.17786764705882344,0.04069364161849701,5.692243902439024,38.0
Belgian Grand Prix,INTERMEDIATE,old,208.71005927924617,63.829,292.175,0.572972972972973,0.16413533834586458,0.04334975369458119,5.918103666245259,37.05
Belgian Grand Prix,INTERMEDIATE,prime,207.13839319170756,63.829,293.074,0.5562857142857143,0.17635479951397315,0.038573155985489625,5.708647959183674,37.05
Belgian Grand Prix,INTERMEDIATE,used,207.21786488100594,63.829,291.276,0.5606888068880689,0.17289377289377286,0.0367980884109916,5.784812575574365,36.1
Belgian Grand Prix,MEDIUM,cliff,226.11021512916105,70.0,334.0,0.6111111111111112,0.1619047619047619,0.0456182472989195,5.766944114149822,41.0
Belgian Grand Prix,MEDIUM,fresh,226.11021512916105,70.0,334.0,0.6111111111111112,0.1619047619047619,0.0456182472989195,5.766944114149822,41.0
Belgian Grand Prix,MEDIUM,old,230.1614774721029,69.0,321.0,0.6426858513189448,0.1326899879372738,0.0581257413997627,5.938848920863309,42.0
Belgian Grand Prix,MEDIUM,prime,226.1273752780194,70.0,324.0,0.6235431235431236,0.1498172959805115,0.0478468899521531,5.813953488372093,39.0
Belgian Grand Prix,MEDIUM,used,229.01784294396177,70.0,323.0,0.6350540216086434,0.135593220338983,0.0510083036773428,5.9092009685230025,42.0
Belgian Grand Prix,SOFT,cliff,228.55352671818912,73.0,330.0,0.6428550490127105,0.14442416014069942,0.0494295389802918,5.646597845471286,39.0
Belgian Grand Prix,SOFT,fresh,228.55352671818912,73.0,330.0,0.6428550490127105,0.14442416014069942,0.0494295389802918,5.646597845471286,39.0
Belgian Grand Prix,SOFT,old,230.01124337436318,73.0,321.0,0.6461446673532317,0.12238247070480845,0.05674194914675295,5.749825567228131,33.0
Belgian Grand Prix,SOFT,prime,228.61234210701778,73.0,323.0,0.638627289297804,0.13938816807522908,0.0499813106342491,5.6804112011853825,39.0
Belgian Grand Prix,SOFT,used,230.0261246153313,73.0,322.5,0.64444575907286,0.13557293420965505,0.045946843513589,5.754855965601584,35.0
Belgian Grand Prix,WET,cliff,194.43492411935833,60.768,276.832,0.47250000000000003,0.1959558823529411,0.04439306358381492,5.457512195121951,36.0
Belgian Grand Prix,WET,fresh,194.43492411935833,60.768,276.832,0.47250000000000003,0.1959558823529411,0.04439306358381492,5.457512195121951,36.0
Belgian Grand Prix,WET,old,195.94136822211763,59.924,274.3,0.48832923832923836,0.18082706766917286,0.04729064039408856,5.674058154235146,35.1
Belgian Grand Prix,WET,prime,194.46585523225937,59.924,275.144,0.47410714285714284,0.19428918590522468,0.04207980652962504,5.473239795918368,35.1
Belgian Grand Prix,WET,used,194.54046491609455,59.924,273.456,0.477859778597786,0.19047619047619047,0.0401433691756272,5.546263603385731,34.2
British Grand Prix,HARD,cliff,232.91927967076748,85.0,305.5,0.6666659873649887,0.1420389239861422,0.03212369839493615,5.7412190218103945,30.5
British Grand Prix,HARD,fresh,232.91927967076748,85.0,305.5,0.6666659873649887,0.1420389239861422,0.03212369839493615,5.7412190218103945,30.5
British Grand Prix,HARD,old,232.91927967076748,85.0,305.5,0.6666659873649887,0.1420389239861422,0.03212369839493615,5.7412190218103945,30.5
British Grand Prix,HARD,prime,233.34240526781934,80.0,307.5,0.6715435494573709,0.14610332786941227,0.0293950819125154,5.731082649557494,30.5
British Grand Prix,HARD,used,221.51489920613665,77.0,327.0,0.5779944289693594,0.1977715877437326,0.0362622036262203,5.591352859135286,35.0
British Grand Prix,INTERMEDIATE,cliff,204.14613266549904,71.0,299.0,0.5015606811610529,0.19024096201681695,0.053393968792950094,5.275417439703155,36.0
British Grand Prix,INTERMEDIATE,fresh,204.14613266549904,71.0,299.0,0.5015606811610529,0.19024096201681695,0.053393968792950094,5.275417439703155,36.0
British Grand Prix,INTERMEDIATE,old,204.14613266549904,71.0,299.0,0.5015606811610529,0.19024096201681695,0.053393968792950094,5.275417439703155,36.0
British Grand Prix,INTERMEDIATE,prime,203.91460396340193,69.0,300.0,0.4968381500579606,0.1867017335538098,0.050830845771144204,5.278565027266834,36.0
British Grand Prix,INTERMEDIATE,used,203.91460396340193,69.0,300.0,0.4968381500579606,0.1867017335538098,0.050830845771144204,5.278565027266834,36.0
British Grand Prix,MEDIUM,cliff,226.163166319502,83.0,311.0,0.5977175463623395,0.1678321678321678,0.0391608391608391,5.804034582132565,36.0
British Grand Prix,MEDIUM,fresh,226.163166319502,83.0,311.0,0.5977175463623395,0.1678321678321678,0.0391608391608391,5.804034582132565,36.0
British Grand Prix,MEDIUM,old,203.71207349296475,78.5,305.0,0.46081601207898365,0.2170059347754644,0.04166537749918005,5.201465396248366,39.5
British Grand Prix,MEDIUM,prime,226.75396896406264,83.0,305.0,0.6255380200860832,0.1528571428571428,0.0423728813559322,5.84822695035461,33.0
British Grand Prix,MEDIUM,used,221.9696944284021,81.0,305.0,0.5822784810126582,0.1774647887323943,0.0336605890603085,5.655495978552279,34.0
British Grand Prix,SOFT,cliff,228.6334037814749,84.0,304.5,0.6247312588401698,0.15322611271456782,0.02735793899587,5.877427239846117,33.0
British Grand Prix,SOFT,fresh,228.6334037814749,84.0,304.5,0.6247312588401698,0.15322611271456782,0.02735793899587,5.877427239846117,33.0
British Grand Prix,SOFT,old,228.6334037814749,84.0,304.5,0.6247312588401698,0.15322611271456782,0.02735793899587,5.877427239846117,33.0
British Grand Prix,SOFT,prime,229.88691968646657,83.0,304.0,0.6495094175856344,0.13999693861931728,0.03136138442843145,5.9101166816258495,32.0
British Grand Prix,SOFT,used,215.6420520264575,81.5,297.5,0.5937173858279052,0.22860298991089179,0.021039840930849048,5.614625524707269,33.5
British Grand Prix,WET,cliff,196.58387204212775,71.74,257.842,0.49999949052374154,0.18465060118198487,0.03854843807392338,5.339333690283667,27.45
British Grand Prix,WET,fresh,196.58387204212775,71.74,257.842,0.49999949052374154,0.18465060118198487,0.03854843807392338,5.339333690283667,27.45
British Grand Prix,WET,old,196.58387204212775,71.74,257.842,0.49999949052374154,0.18465060118198487,0.03854843807392338,5.339333690283667,27.45
British Grand Prix,WET,prime,196.94099004603953,67.52,259.53,0.5036576620930282,0.18993432623023596,0.03527409829501848,5.3299068640884695,27.45
British Grand Prix,WET,used,186.95857492997933,64.988,275.988,0.4334958217270195,0.2571030640668524,0.043514644351464356,5.199958158995816,31.5
Canadian Grand Prix,HARD,cliff,184.948525126557,53.0,307.5,0.47698666992784633,0.2360740816118856,0.0413617939674685,4.731591830288993,45.0
Canadian Grand Prix,HARD,fresh,184.948525126557,53.0,307.5,0.47698666992784633,0.2360740816118856,0.0413617939674685,4.731591830288993,45.0
Canadian Grand Prix,HARD,old,200.20954043966705,56.5,309.0,0.5744388456252862,0.20900730517136829,0.0358285828582858,5.011862650465591,46.0
Canadian Grand Prix,HARD,prime,192.7654564348325,56.0,307.0,0.5264026402640264,0.2310344827586206,0.0423011844331641,4.8381877022653725,47.0
Canadian Grand Prix,HARD,used,198.98742522019725,56.0,309.0,0.5682967959527825,0.2205128205128205,0.0333333333333333,5.07495741056218,47.0
Canadian Grand Prix,INTERMEDIATE,cliff,180.55058144206322,52.0,310.5,0.44899323490423726,0.25852327602858793,0.0372914315116594,4.7034414133553035,41.0
Canadian Grand Prix,INTERMEDIATE,fresh,156.20260815454014,47.0,301.0,0.2734584450402145,0.2694848084544253,0.0705882352941176,4.001353179972936,42.0
Canadian Grand Prix,INTERMEDIATE,old,169.46111106902706,49.0,303.0,0.3795231233356928,0.26957969021963657,0.059985658325663,4.226106653566944,41.0
Canadian Grand Prix,INTERMEDIATE,prime,173.89479709276503,49.0,307.0,0.40932376396888115,0.2629293143706219,0.04769012082444915,4.436364117211467,44.0
Canadian Grand Prix,INTERMEDIATE,used,179.17551711503484,49.0,307.0,0.4513677811550152,0.2449297971918876,0.0402476780185758,4.560538116591928,44.0
Canadian Grand Prix,MEDIUM,cliff,187.121017556894,56.0,309.0,0.4912559618441971,0.2483766233766234,0.0410509031198686,4.78907435508346,44.0
Canadian Grand Prix,MEDIUM,fresh,187.121017556894,56.0,309.0,0.4912559618441971,0.2483766233766234,0.0410509031198686,4.78907435508346,44.0
Canadian Grand Prix,MEDIUM,old,200.02991979334368,57.0,307.5,0.5675916308057576,0.21567266305520533,0.03875648756998625,5.133235328029517,42.0
Canadian Grand Prix,MEDIUM,prime,192.3268874620385,56.0,306.0,0.5181518151815182,0.2373806275579809,0.0393162393162393,4.8864,44.0
Canadian Grand Prix,MEDIUM,used,201.04286165677934,58.0,310.0,0.5689089881288865,0.2223105083617605,0.032067533384986954,5.108084741378137,41.0
Canadian Grand Prix,SOFT,cliff,182.7495532843101,52.5,307.0,0.46417722554143076,0.2469635627530364,0.0413617939674685,4.717516621822148,43.5
Canadian Grand Prix,SOFT,fresh,182.7495532843101,52.5,307.0,0.46417722554143076,0.2469635627530364,0.0413617939674685,4.717516621822148,43.5
Canadian Grand Prix,SOFT,old,182.7495532843101,52.5,307.0,0.46417722554143076,0.2469635627530364,0.0413617939674685,4.717516621822148,43.5
Canadian Grand Prix,SOFT,prime,182.7495532843101,52.5,307.0,0.46417722554143076,0.2469635627530364,0.0413617939674685,4.717516621822148,43.5
Canadian Grand Prix,SOFT,used,182.7495532843101,52.5,307.0,0.46417722554143076,0.2469635627530364,0.0413617939674685,4.717516621822148,43.5
Canadian Grand Prix,WET,cliff,162.69444753677567,47.0,300.0,0.32760946936811997,0.28228150260184326,0.05153669126733095,4.15791221973325,43.0
Canadian Grand Prix,WET,fresh,162.69444753677567,47.0,300.0,0.32760946936811997,0.28228150260184326,0.05153669126733095,4.15791221973325,43.0
Canadian Grand Prix,WET,old,162.69444753677567,47.0,300.0,0.32760946936811997,0.28228150260184326,0.05153669126733095,4.15791221973325,43.0
Canadian Grand Prix,WET,prime,164.61822925353653,48.0,297.0,0.3565459610027855,0.2469635627530364,0.0606060606060606,4.263085399449036,42.0
Canadian Grand Prix,WET,used,164.61822925353653,48.0,297.0,0.3565459610027855,0.2469635627530364,0.0606060606060606,4.263085399449036,42.0
Chinese Grand Prix,HARD,cliff,193.6938027985386,57.0,310.0,0.4970866181524156,0.2205727532156695,0.0359051051972288,5.0427759248029105,45.5
Chinese Grand Prix,HARD,fresh,169.57670841838046,54.0,305.0,0.3329571106094808,0.2209150326797385,0.0911458333333333,4.361547762998791,49.0
Chinese Grand Prix,HARD,old,192.49949373434492,58.0,310.0,0.48164884969376043,0.20565435476516186,0.07018538973639425,5.029601225723632,44.0
Chinese Grand Prix,HARD,prime,189.97204125795645,57.0,310.0,0.4594238057057489,0.210297880116959,0.0853095780465348,4.914619489528095,46.0
Chinese Grand Prix,HARD,used,192.38629333287187,58.0,311.0,0.47888355171819735,0.20526338570748387,0.07225240555521326,5.029150495252191,44.0
Chinese Grand Prix,INTERMEDIATE,cliff,174.1307287158862,51.243,278.69,0.43743622397412574,0.26027584879449,0.03949561571695168,4.891492647058823,43.225
Chinese Grand Prix,INTERMEDIATE,fresh,152.44946086812405,48.546,274.195,0.2930022573363431,0.2606797385620914,0.10026041666666664,4.230701330108827,46.55
Chinese Grand Prix,INTERMEDIATE,old,173.0570448671761,52.142,278.69,0.42385098773050917,0.24267213862289097,0.07720392871003369,4.878713188951923,41.8
Chinese Grand Prix,INTERMEDIATE,prime,170.78486509090285,51.243,278.69,0.40429294902105906,0.2481514985380116,0.09384053585118829,4.7671809048422515,43.699999999999996
Chinese Grand Prix,INTERMEDIATE,used,172.95527770625182,52.142,279.589,0.42141752551201367,0.24221079513483096,0.07947764611073459,4.878275980394625,41.8
Chinese Grand Prix,MEDIUM,cliff,189.33205524286132,57.0,321.0,0.46496815286624205,0.20765745279363956,0.0729416649659026,4.892118863049096,46.0
Chinese Grand Prix,MEDIUM,fresh,189.33205524286132,57.0,321.0,0.46496815286624205,0.20765745279363956,0.0729416649659026,4.892118863049096,46.0
Chinese Grand Prix,MEDIUM,old,189.21573151629872,53.0,315.0,0.45503234776686907,0.19784321357799106,0.08098055350623305,5.092761004861623,42.5
Chinese Grand Prix,MEDIUM,prime,188.9488324643664,57.0,312.0,0.4692307692307692,0.2059973924380704,0.0805626598465473,4.9407313997477935,45.0
Chinese Grand Prix,MEDIUM,used,190.7696907213583,57.0,310.0,0.48666377681298806,0.1991094147582697,0.0754899217990221,4.968439866340866,44.0
Chinese Grand Prix,SOFT,cliff,186.6496121111356,56.0,324.0,0.4535031847133758,0.2158940397350993,0.0803011292346298,4.949874686716792,46.0
Chinese Grand Prix,SOFT,fresh,186.6496121111356,56.0,324.0,0.4535031847133758,0.2158940397350993,0.0803011292346298,4.949874686716792,46.0
Chinese Grand Prix,SOFT,old,186.6496121111356,56.0,324.0,0.4535031847133758,0.2158940397350993,0.0803011292346298,4.949874686716792,46.0
Chinese Grand Prix,SOFT,prime,190.55855349500013,57.0,313.0,0.4558429466799891,0.21495277026250476,0.07078311183188796,4.984312009857116,45.5
Chinese Grand Prix,SOFT,used,192.4691329657321,58.0,310.0,0.4935567010309278,0.2084398976982097,0.0634920634920634,4.982120051085569,51.0
Chinese Grand Prix,WET,cliff,163.47756956196656,48.108,261.64,0.3728149636143117,0.28674457918037033,0.043086126236674564,4.689781610066707,40.95
Chinese Grand Prix,WET,fresh,143.12274190511312,45.576,257.42,0.24971783295711059,0.2871895424836601,0.10937499999999996,4.056239419588876,44.1
Chinese Grand Prix,WET,old,162.46957271178712,48.952,261.64,0.3612366372703203,0.2673506611947104,0.0842224676836731,4.677529139922978,39.6
Chinese Grand Prix,WET,prime,160.33640282171524,48.108,261.64,0.3445678542793117,0.2733872441520467,0.10237149365584176,4.570596125261128,41.4
Chinese Grand Prix,WET,used,162.37403157294386,48.952,262.484,0.35916266378864803,0.26684240141972904,0.0867028866662559,4.677109960584538,39.6
Dutch Grand Prix,HARD,cliff,201.4389789094364,88.0,312.0,0.5290102389078498,0.2157894736842105,0.0505902192242833,5.147368421052631,32.0
Dutch Grand Prix,HARD,fresh,201.82026998530336,92.0,310.0,0.5412237811791383,0.2125215795449243,0.05112543863865785,5.117899835577479,32.0
Dutch Grand Prix,HARD,old,201.48321088286136,89.0,311.0,0.5339130434782609,0.21193893586769436,0.0534799907738438,5.1264467592592595,32.0
Dutch Grand Prix,HARD,prime,200.83522481489985,91.0,311.0,0.5350263771316404,0.2118141078270388,0.054956071749475796,5.113889881484129,32.0
Dutch Grand Prix,HARD,used,201.81715295774148,89.0,311.0,0.5346020761245674,0.2139219015280135,0.0529100529100529,5.144599303135888,32.0
Dutch Grand Prix,INTERMEDIATE,cliff,181.09364203958333,79.112,280.488,0.46552901023890786,0.2546315789473684,0.05564924114671163,4.992947368421052,30.4
Dutch Grand Prix,INTERMEDIATE,fresh,181.43642271678772,82.708,278.69,0.47627692743764166,0.25077546386301064,0.05623798250252364,4.964362840510154,30.4
Dutch Grand Prix,INTERMEDIATE,old,181.13340658369236,80.011,279.589,0.46984347826086953,0.2500879443238793,0.05882798985122818,4.972653356481482,30.4
Dutch Grand Prix,INTERMEDIATE,prime,180.55086710859496,81.809,279.589,0.47082321187584353,0.24994064723590578,0.06045167892442338,4.960473185039604,30.4
Dutch Grand Prix,INTERMEDIATE,used,181.4336205090096,80.011,279.589,0.47044982698961935,0.2524278438030559,0.0582010582010582,4.990261324041811,30.4
Dutch Grand Prix,MEDIUM,cliff,198.15298145281426,90.0,322.3946432,0.5057736469501175,0.223232859020779,0.05686775119199585,4.9874371859296485,33.0
Dutch Grand Prix,MEDIUM,fresh,198.15298145281426,90.0,322.3946432,0.5057736469501175,0.223232859020779,0.05686775119199585,4.9874371859296485,33.0
Dutch Grand Prix,MEDIUM,old,198.3967262684497,89.0,309.0,0.5277310924369748,0.2159468438538206,0.0597269624573378,5.050903119868637,32.0
Dutch Grand Prix,MEDIUM,prime,198.06458799498674,89.0,313.0,0.5199909200968523,0.22055128398411977,0.054800304967450544,5.051283399957921,32.0
Dutch Grand Prix,MEDIUM,used,198.83268125261975,88.0,309.0,0.5325342465753424,0.2147766323024054,0.0568561872909698,5.050420168067227,32.0
Dutch Grand Prix,SOFT,cliff,198.08696417503106,92.5,312.0479168,0.5211817168338908,0.20967695095602068,0.05892322691819335,5.188221702483448,31.5
Dutch Grand Prix,SOFT,fresh,198.08696417503106,92.5,312.0479168,0.5211817168338908,0.20967695095602068,0.05892322691819335,5.188221702483448,31.5
Dutch Grand Prix,SOFT,old,198.08696417503106,92.5,312.0479168,0.5211817168338908,0.20967695095602068,0.05892322691819335,5.188221702483448,31.5
Dutch Grand Prix,SOFT,prime,199.30927655453957,91.0,312.0,0.5261324041811847,0.2023809523809523,0.0547008547008547,5.352253756260434,29.0
Dutch Grand Prix,SOFT,used,202.38244000270203,90.0,314.0,0.5297656273266029,0.19967173886366418,0.04896749674435905,5.464841359506661,32.0
Dutch Grand Prix,WET,cliff,170.01449819956431,74.27199999999999,263.328,0.39675767918088733,0.2805263157894737,0.060708263069139956,4.7870526315789474,28.8
Dutch Grand Prix,WET,fresh,170.33630786759602,77.648,261.64,0.4059178358843537,0.27627805340840156,0.06135052636638942,4.759646847087056,28.8
Dutch Grand Prix,WET,old,170.051829985135,75.116,262.484,0.40043478260869564,0.27552061662800265,0.06417598892861255,4.767595486111111,28.8
Dutch Grand Prix,WET,prime,169.50492974377548,76.804,262.484,0.40126978284873027,0.27535834017515043,0.06594728609937095,4.75591758978024,28.8
Dutch Grand Prix,WET,used,170.33367709633382,75.116,262.484,0.40095155709342556,0.2780984719864176,0.06349206349206347,4.784477351916377,28.8
Emilia Romagna Grand Prix,HARD,cliff,213.2760277292876,88.0,315.0,0.6045751633986928,0.2044728434504792,0.034375,5.474631751227496,38.0
Emilia Romagna Grand Prix,HARD,fresh,215.1691446290712,93.0,313.0,0.6243822075782537,0.202572347266881,0.0364500792393026,5.51948051948052,39.0
Emilia Romagna Grand Prix,HARD,old,214.02308913246344,89.0,315.0,0.6171516079632465,0.200652528548124,0.0332805071315372,5.517460317460317,39.0
Emilia Romagna Grand Prix,HARD,prime,214.37833586139766,92.0,314.0,0.6234886731391586,0.19904835934434145,0.0364795584669101,5.52839424419229,38.0
Emilia Romagna Grand Prix,HARD,used,213.95167971714662,90.0,315.0,0.6170557868356737,0.19762067957544174,0.0333034931499614,5.5336713870508945,39.0
Emilia Romagna Grand Prix,INTERMEDIATE,cliff,191.73514892862954,79.112,283.185,0.5320261437908497,0.24127795527156545,0.037812500000000006,5.310392798690671,36.1
Emilia Romagna Grand Prix,INTERMEDIATE,fresh,193.43706102153502,83.607,281.387,0.5494563426688632,0.23903536977491957,0.040095087163232866,5.353896103896104,37.05
Emilia Romagna Grand Prix,INTERMEDIATE,old,192.40675713008463,80.011,283.185,0.543093415007657,0.23676998368678628,0.03660855784469092,5.351936507936507,37.05
Emilia Romagna Grand Prix,INTERMEDIATE,prime,192.7261239393965,82.708,282.286,0.5486700323624596,0.2348770640263229,0.04012751431360111,5.362542416866521,36.1
Emilia Romagna Grand Prix,INTERMEDIATE,used,192.34256006571482,80.91,283.185,0.5430090924153929,0.23319240189902124,0.036633842464957544,5.3676612454393675,37.05
Emilia Romagna Grand Prix,MEDIUM,cliff,211.8819176366237,85.0,313.0,0.628482972136223,0.1838351822503962,0.045958795562599,5.580495356037152,39.0
Emilia Romagna Grand Prix,MEDIUM,fresh,214.31114282596417,92.0,315.0,0.6183574879227053,0.2059308072487644,0.0402576489533011,5.476947535771065,40.0
Emilia Romagna Grand Prix,MEDIUM,old,211.76217980648957,86.0,315.0,0.5990639625585024,0.2025518341307815,0.0469483568075117,5.585714285714285,39.0
Emilia Romagna Grand Prix,MEDIUM,prime,214.5384968178589,91.0,314.0,0.62777788976124,0.19512162876784764,0.0390709068846303,5.542566684894884,39.0
Emilia Romagna Grand Prix,MEDIUM,used,213.88300082193973,90.0,313.0,0.6220095693779905,0.1964856230031949,0.0387596899224806,5.541341653666147,39.0
Emilia Romagna Grand Prix,SOFT,cliff,210.10351247486997,91.0,327.0,0.6135265700483091,0.2067901234567901,0.0444785276073619,5.390551181102362,43.0
Emilia Romagna Grand Prix,SOFT,fresh,210.10351247486997,91.0,327.0,0.6135265700483091,0.2067901234567901,0.0444785276073619,5.390551181102362,43.0
Emilia Romagna Grand Prix,SOFT,old,210.10351247486997,91.0,327.0,0.6135265700483091,0.2067901234567901,0.0444785276073619,5.390551181102362,43.0
Emilia Romagna Grand Prix,SOFT,prime,212.3354028162157,91.0,330.0,0.631911532385466,0.1905511811023622,0.0377952755905511,5.327014218009479,42.0
Emilia Romagna Grand Prix,SOFT,used,212.3354028162157,91.0,330.0,0.631911532385466,0.1905511811023622,0.0377952755905511,5.327014218009479,42.0
Emilia Romagna Grand Prix,WET,cliff,180.00496740351872,74.27199999999999,265.86,0.45343137254901955,0.26581469648562295,0.04125,5.091407528641572,34.2
Emilia Romagna Grand Prix,WET,fresh,181.6027580669361,78.492,264.17199999999997,0.46828665568369027,0.26334405144694534,0.043740095087163124,5.133116883116884,35.1
Emilia Romagna Grand Prix,WET,old,180.63548722779913,75.116,265.86,0.46286370597243487,0.2608482871125612,0.03993660855784464,5.131238095238095,35.1
Emilia Romagna Grand Prix,WET,prime,180.93531546701962,77.648,265.016,0.4676165048543689,0.2587628671476439,0.043775470160292124,5.1414066470988296,34.2
Emilia Romagna Grand Prix,WET,used,180.57521768127174,75.96,265.86,0.46279184012675534,0.2569068834480743,0.03996419177995368,5.1463143899573325,35.1
Hungarian Grand Prix,HARD,cliff,184.2829977893703,79.5,298.0,0.4384829738220887,0.23747769821823628,0.05690338030763555,4.514847350029932,34.5
Hungarian Grand Prix,HARD,fresh,185.7382998646542,85.0,300.0,0.4582474214014376,0.24452300384237985,0.06714007587859425,4.808020173486275,40.0
Hungarian Grand Prix,HARD,old,184.65857794426313,81.0,300.0,0.44419191919191914,0.24384562945008326,0.0613468775816173,4.787084828117541,39.0
Hungarian Grand Prix,HARD,prime,185.2234640774864,82.0,300.0,0.4578782126168224,0.24609371185265477,0.06466516534313141,4.810940536528677,39.0
Hungarian Grand Prix,HARD,used,184.63266937092084,81.0,300.0,0.4563106796116505,0.2480252764612954,0.0597243491577335,4.812792511700468,40.0
Hungarian Grand Prix,INTERMEDIATE,cliff,165.67041501264393,71.4705,267.902,0.38586501696343806,0.2802236838975188,0.0625937183383991,4.379401929529034,32.775
Hungarian Grand Prix,INTERMEDIATE,fresh,166.97873157832413,76.415,269.7,0.4032577308332651,0.2885371445340082,0.07385408346645368,4.6637795682816865,38.0
Hungarian Grand Prix,INTERMEDIATE,old,166.00806157189257,72.819,269.7,0.39088888888888884,0.2877378427510982,0.06748156533977903,4.643472283274015,37.05
Hungarian Grand Prix,INTERMEDIATE,prime,166.5158942056603,73.718,269.7,0.4029328271028037,0.2903905799861326,0.07113168187744455,4.666612320432817,37.05
Hungarian Grand Prix,INTERMEDIATE,used,165.98476976445784,72.819,269.7,0.40155339805825246,0.2926698262243286,0.06569678407350686,4.668408736349454,38.0
Hungarian Grand Prix,MEDIUM,cliff,184.3347556988179,84.0,299.0,0.4528717406624383,0.2466190900529604,0.0608733733733733,4.67906880578132,39.0
Hungarian Grand Prix,MEDIUM,fresh,184.3347556988179,84.0,299.0,0.4528717406624383,0.2466190900529604,0.0608733733733733,4.67906880578132,39.0
Hungarian Grand Prix,MEDIUM,old,185.00640016817573,81.0,296.5,0.4664545699246321,0.23609100190264046,0.0568463015629937,4.78478957518008,43.0
Hungarian Grand Prix,MEDIUM,prime,185.79210058856788,83.0,299.0,0.4734375,0.244131455399061,0.0618066561014263,4.741679873217116,38.0
Hungarian Grand Prix,MEDIUM,used,186.26364146985972,82.0,299.0,0.4691358024691358,0.2449612403100775,0.0597243491577335,4.740219092331769,40.0
Hungarian Grand Prix,SOFT,cliff,180.5123602197225,80.0,302.0,0.4145234493192133,0.2476780185758514,0.0619195046439628,4.789473684210527,42.0
Hungarian Grand Prix,SOFT,fresh,180.5123602197225,80.0,302.0,0.4145234493192133,0.2476780185758514,0.0619195046439628,4.789473684210527,42.0
Hungarian Grand Prix,SOFT,old,180.5123602197225,80.0,302.0,0.4145234493192133,0.2476780185758514,0.0619195046439628,4.789473684210527,42.0
Hungarian Grand Prix,SOFT,prime,181.99496055810206,80.0,296.0,0.43267522071473574,0.23033916269210386,0.0877319252052515,4.817316740206236,43.5
Hungarian Grand Prix,SOFT,used,184.13432203907325,79.0,294.0,0.4617737003058104,0.2584097859327217,0.0657492354740061,4.847094801223242,44.0
Hungarian Grand Prix,WET,cliff,155.53485013422855,67.098,251.512,0.3288622303665665,0.3087210076837072,0.06828405636916265,4.198808035527836,31.05
Hungarian Grand Prix,WET,fresh,156.76312508576814,71.74,253.2,0.3436855660510782,0.31787990499509383,0.08056809105431309,4.471458761342236,36.0
Hungarian Grand Prix,WET,old,155.8518397849581,68.364,253.2,0.3331439393939394,0.31699931828510824,0.07361625309794076,4.451988890149313,35.1
Hungarian Grand Prix,WET,prime,156.3286036813985,69.208,253.2,0.3434086594626168,0.3199218254084512,0.07759819841175769,4.4741746989716695,35.1
Hungarian Grand Prix,WET,used,155.82997294905718,68.364,253.2,0.3422330097087379,0.322432859399684,0.0716692189892802,4.475897035881435,36.0
Italian Grand Prix,HARD,cliff,246.8062977208628,67.0,336.0,0.7147286821705426,0.1417322834645669,0.0292307692307692,6.226059654631083,33.0
Italian Grand Prix,HARD,fresh,244.33641023607174,69.0,335.0,0.6982012382992459,0.15319746763408731,0.035399679155552546,6.2319387193330655,35.0
Italian Grand Prix,HARD,old,243.9444934211612,66.0,335.0,0.703416149068323,0.1539682539682539,0.0227272727272727,6.2756410256410255,34.0
Italian Grand Prix,HARD,prime,244.73540227620686,68.0,336.0,0.6993056546345175,0.1487736881109503,0.0352227954971857,6.24999940093215,34.0
Italian Grand Prix,HARD,used,243.9055156096976,67.0,335.0,0.6970866453705766,0.15108425646189996,0.030112820170184698,6.250776464914396,34.0
Italian Grand Prix,INTERMEDIATE,cliff,221.87886165105567,60.233000000000004,302.064,0.6289612403100775,0.16724409448818894,0.03215384615384612,6.03927786499215,31.349999999999998
Italian Grand Prix,INTERMEDIATE,fresh,219.6584328022285,62.031,301.165,0.6144170897033363,0.18077301180822303,0.0389396470711078,6.044980557753074,33.25
Italian Grand Prix,INTERMEDIATE,old,219.30609958562394,59.334,301.165,0.6190062111801242,0.18168253968253958,0.024999999999999974,6.087371794871794,32.3
Italian Grand Prix,INTERMEDIATE,prime,220.01712664630998,61.132000000000005,302.064,0.6153889760783754,0.17555295197092133,0.03874507504690427,6.062499418904185,32.3
Italian Grand Prix,INTERMEDIATE,used,219.27105853311815,60.233000000000004,301.165,0.6134362479261074,0.17827942262504196,0.03312410218720317,6.063253170966964,32.3
Italian Grand Prix,MEDIUM,cliff,240.6466696910541,67.0,339.0,0.6666666666666666,0.1654247391952309,0.036979969183359,6.123287671232877,38.0
Italian Grand Prix,MEDIUM,fresh,240.6466696910541,67.0,339.0,0.6666666666666666,0.1654247391952309,0.036979969183359,6.123287671232877,38.0
Italian Grand Prix,MEDIUM,old,240.6466696910541,67.0,339.0,0.6666666666666666,0.1654247391952309,0.036979969183359,6.123287671232877,38.0
Italian Grand Prix,MEDIUM,prime,242.67483067315604,68.0,334.0,0.695046439628483,0.1562021439509954,0.031578947368421,6.256609642301711,33.0
Italian Grand Prix,MEDIUM,used,244.7811065694315,67.0,333.0,0.7138436030069719,0.156393564056724,0.01867795903930845,6.301781980093794,32.0
Italian Grand Prix,SOFT,cliff,250.4124166379227,70.0,337.0,0.751188589540412,0.1458003169572107,0.0190174326465927,6.375594294770206,33.0
Italian Grand Prix,SOFT,fresh,250.4124166379227,70.0,337.0,0.751188589540412,0.1458003169572107,0.0190174326465927,6.375594294770206,33.0
Italian Grand Prix,SOFT,old,250.4124166379227,70.0,337.0,0.751188589540412,0.1458003169572107,0.0190174326465927,6.375594294770206,33.0
Italian Grand Prix,SOFT,prime,250.4124166379227,70.0,337.0,0.751188589540412,0.1458003169572107,0.0190174326465927,6.375594294770206,33.0
Italian Grand Prix,SOFT,used,250.4124166379227,70.0,337.0,0.751188589540412,0.1458003169572107,0.0190174326465927,6.375594294770206,33.0
Italian Grand Prix,WET,cliff,208.3045152764082,56.547999999999995,283.584,0.536046511627907,0.18425196850393696,0.03507692307692304,5.790235478806907,29.7
Italian Grand Prix,WET,fresh,206.21993023924455,58.236,282.74,0.5236509287244344,0.1991567079243135,0.042479614986663056,5.795703008979752,31.5
Italian Grand Prix,WET,old,205.88915244746005,55.704,282.74,0.5275621118012422,0.20015873015873006,0.02727272727272724,5.836346153846154,30.6
Italian Grand Prix,WET,prime,206.55667952111858,57.391999999999996,283.584,0.5244792409758882,0.1934057945442354,0.042267354596622835,5.8124994428668995,30.6
Italian Grand Prix,WET,used,205.85625517458476,56.547999999999995,282.74,0.5228149840279325,0.19640953340046996,0.03613538420422164,5.813222112370388,30.6
Japanese Grand Prix,HARD,cliff,214.32060280004518,66.0,307.0,0.5436714896114136,0.1710068328835196,0.05585264408793815,5.610556894243642,38.0
Japanese Grand Prix,HARD,fresh,214.32060280004518,66.0,307.0,0.5436714896114136,0.1710068328835196,0.05585264408793815,5.610556894243642,38.0
Japanese Grand Prix,HARD,old,213.4959993500084,63.0,307.0,0.5329815303430079,0.1755829903978052,0.0537084398976982,5.593506493506493,36.0
Japanese Grand Prix,HARD,prime,212.58487709100348,65.0,307.0,0.538201633310329,0.1681348322043995,0.0597427114481975,5.594340702153977,38.0
Japanese Grand Prix,HARD,used,213.68292626521813,64.0,307.0,0.5405405405405406,0.1712328767123287,0.0522696011004126,5.581208053691276,37.0
Japanese Grand Prix,INTERMEDIATE,cliff,192.67422191724063,59.334,275.993,0.478430910858044,0.2017880628025531,0.06143790849673197,5.442240187416332,36.1
Japanese Grand Prix,INTERMEDIATE,fresh,192.67422191724063,59.334,275.993,0.478430910858044,0.2017880628025531,0.06143790849673197,5.442240187416332,36.1
Japanese Grand Prix,INTERMEDIATE,old,191.93290341565753,56.637,275.993,0.46902374670184693,0.20718792866941013,0.05907928388746802,5.4257012987012985,34.199999999999996
Japanese Grand Prix,INTERMEDIATE,prime,191.11380450481212,58.435,275.993,0.47361743731308953,0.1983991020011914,0.06571698259301725,5.426510481089357,36.1
Japanese Grand Prix,INTERMEDIATE,used,192.1009507124311,57.536,275.993,0.4756756756756757,0.20205479452054786,0.057496561210453864,5.413771812080538,35.15
Japanese Grand Prix,MEDIUM,cliff,214.2393881247662,66.0,305.0,0.5382503590780244,0.172173946040299,0.062494460365763504,5.576940833866042,37.0
Japanese Grand Prix,MEDIUM,fresh,214.2393881247662,66.0,305.0,0.5382503590780244,0.172173946040299,0.062494460365763504,5.576940833866042,37.0
Japanese Grand Prix,MEDIUM,old,214.2393881247662,66.0,305.0,0.5382503590780244,0.172173946040299,0.062494460365763504,5.576940833866042,37.0
Japanese Grand Prix,MEDIUM,prime,212.9102516480357,65.0,305.0,0.5408299866131191,0.1682496607869742,0.0566298342541436,5.561662198391421,36.0
Japanese Grand Prix,MEDIUM,used,213.2140679640873,64.0,304.0,0.5467479674796748,0.1764699715179367,0.025293130450058453,5.5646255939819405,37.0
Japanese Grand Prix,SOFT,cliff,208.9348337990736,64.0,306.0,0.52170750753241,0.18178703243109734,0.06272863772863771,5.617751428560779,39.0
Japanese Grand Prix,SOFT,fresh,208.9348337990736,64.0,306.0,0.52170750753241,0.18178703243109734,0.06272863772863771,5.617751428560779,39.0
Japanese Grand Prix,SOFT,old,208.9348337990736,64.0,306.0,0.52170750753241,0.18178703243109734,0.06272863772863771,5.617751428560779,39.0
Japanese Grand Prix,SOFT,prime,212.11337579506068,64.0,304.0,0.5235531628532974,0.1547464239271781,0.0638586956521739,5.763612217795485,38.0
Japanese Grand Prix,SOFT,used,215.20414442772844,62.0,304.0,0.5695364238410596,0.1831550802139037,0.0423841059602649,5.732450331125828,37.0
Japanese Grand Prix,WET,cliff,180.88658876323814,55.704,259.108,0.40775361720856024,0.22230888274857546,0.06702317290552577,5.217817911646587,34.2
Japanese Grand Prix,WET,fresh,180.88658876323814,55.704,259.108,0.40775361720856024,0.22230888274857546,0.06702317290552577,5.217817911646587,34.2
Japanese Grand Prix,WET,old,180.19062345140708,53.172,259.108,0.3997361477572559,0.22825788751714676,0.06445012787723783,5.201961038961039,32.4
Japanese Grand Prix,WET,prime,179.42163626480692,54.86,259.108,0.40365122498274675,0.21857528186571937,0.071691253737837,5.2027368530031985,34.2
Japanese Grand Prix,WET,used,180.34838976784408,54.016,259.108,0.40540540540540543,0.22260273972602732,0.06272352132049512,5.190523489932887,33.300000000000004
Las Vegas Grand Prix,HARD,cliff,224.73450568669605,84.0,339.0,0.585334544698116,0.19348598025068608,0.0388070752638817,5.725943055999643,40.0
Las Vegas Grand Prix,HARD,fresh,224.73450568669605,84.0,339.0,0.585334544698116,0.19348598025068608,0.0388070752638817,5.725943055999643,40.0
Las Vegas Grand Prix,HARD,old,225.2929232012268,79.0,339.0,0.6174934725848564,0.1872509960159362,0.0453920220082531,5.795811518324608,38.0
Las Vegas Grand Prix,HARD,prime,225.49085208230372,83.0,339.0,0.6002604166666666,0.1888297872340425,0.0377358490566037,5.764163372859025,39.0
Las Vegas Grand Prix,HARD,used,225.38006433847926,81.0,339.0,0.6069568452380952,0.19315247417727593,0.03661546973670905,5.7663948258531255,40.0
Las Vegas Grand Prix,INTERMEDIATE,cliff,202.03632061233975,75.516,304.761,0.5150943993343421,0.22831345669580957,0.04268778279026987,5.554164764319654,38.0
Las Vegas Grand Prix,INTERMEDIATE,fresh,202.03632061233975,75.516,304.761,0.5150943993343421,0.22831345669580957,0.04268778279026987,5.554164764319654,38.0
Las Vegas Grand Prix,INTERMEDIATE,old,202.5383379579029,71.021,304.761,0.5433942558746737,0.2209561752988047,0.04993122420907841,5.621937172774869,36.1
Las Vegas Grand Prix,INTERMEDIATE,prime,202.71627602199104,74.617,304.761,0.5282291666666666,0.22281914893617014,0.04150943396226408,5.591238471673255,37.05
Las Vegas Grand Prix,INTERMEDIATE,used,202.61667784029285,72.819,304.761,0.5341220238095238,0.22791991952918558,0.04027701671037996,5.593402981077531,38.0
Las Vegas Grand Prix,MEDIUM,cliff,222.05054571762264,82.0,345.0,0.5736235595390525,0.2044270833333333,0.037037037037037,5.606182795698925,42.0
Las Vegas Grand Prix,MEDIUM,fresh,222.05054571762264,82.0,345.0,0.5736235595390525,0.2044270833333333,0.037037037037037,5.606182795698925,42.0
Las Vegas Grand Prix,MEDIUM,old,222.05054571762264,82.0,345.0,0.5736235595390525,0.2044270833333333,0.037037037037037,5.606182795698925,42.0
Las Vegas Grand Prix,MEDIUM,prime,221.80217765418908,81.0,341.0,0.5860709592641261,0.2018348623853211,0.0358565737051792,5.661396574440053,39.0
Las Vegas Grand Prix,MEDIUM,used,219.41064104259377,67.0,335.0,0.6153846153846154,0.2007822685788787,0.044328552803129,5.833116036505867,37.0
Las Vegas Grand Prix,SOFT,cliff,225.65533617498386,82.0,341.0,0.6076040385001353,0.1878631882034726,0.036793804279702705,5.774823075647705,43.0
Las Vegas Grand Prix,SOFT,fresh,225.65533617498386,82.0,341.0,0.6076040385001353,0.1878631882034726,0.036793804279702705,5.774823075647705,43.0
Las Vegas Grand Prix,SOFT,old,225.65533617498386,82.0,341.0,0.6076040385001353,0.1878631882034726,0.036793804279702705,5.774823075647705,43.0
Las Vegas Grand Prix,SOFT,prime,234.41715382387065,84.0,339.0,0.6626016260162602,0.1639566395663956,0.0311653116531165,5.859078590785908,35.0
Las Vegas Grand Prix,SOFT,used,234.41715382387065,84.0,339.0,0.6626016260162602,0.1639566395663956,0.0311653116531165,5.859078590785908,35.0
Las Vegas Grand Prix,WET,cliff,189.67592279957145,70.896,286.116,0.439000908523587,0.2515317743258919,0.04656849031665804,5.325127042079669,36.0
Las Vegas Grand Prix,WET,fresh,189.67592279957145,70.896,286.116,0.439000908523587,0.2515317743258919,0.04656849031665804,5.325127042079669,36.0
Las Vegas Grand Prix,WET,old,190.14722718183543,66.676,286.116,0.4631201044386423,0.24342629482071707,0.05447042640990372,5.390104712041886,34.2
Las Vegas Grand Prix,WET,prime,190.31427915746434,70.05199999999999,286.116,0.4501953125,0.24547872340425528,0.04528301886792444,5.3606719367588935,35.1
Las Vegas Grand Prix,WET,used,190.2207743016765,68.364,286.116,0.4552176339285714,0.2510982164304587,0.043938563684050864,5.362747188043407,36.0
Mexico City Grand Prix,HARD,cliff,186.16093400952548,64.0,329.0,0.43893112701252235,0.23418181327139648,0.0562714054927302,4.843381578675697,31.0
Mexico City Grand Prix,HARD,fresh,185.23715367682308,62.5,328.0,0.42352977362204725,0.2241826294330333,0.08498750851692025,4.66513885805449,33.5
Mexico City Grand Prix,HARD,old,187.52003035752503,64.0,330.0,0.4418212478920742,0.2336134453781512,0.0548172757475083,4.819512195121951,32.0
Mexico City Grand Prix,HARD,prime,186.04298977563874,64.0,330.0,0.4367441558441558,0.23538832810159827,0.058131297423517594,4.778407141743334,32.0
Mexico City Grand Prix,HARD,used,187.16114853347318,64.0,330.0,0.44036175462206417,0.23014784692011847,0.0574498416343556,4.812197339602548,31.0
Mexico City Grand Prix,INTERMEDIATE,cliff,167.3586796745634,57.536,295.771,0.38625939177101964,0.27633453966024785,0.061898546042003226,4.698080131315425,29.45
Mexico City Grand Prix,INTERMEDIATE,fresh,166.52820115546396,56.1875,294.872,0.3727062007874016,0.26453550273097926,0.09348625936861228,4.525184692312855,31.825
Mexico City Grand Prix,INTERMEDIATE,old,168.58050729141502,57.536,296.67,0.3888026981450253,0.2756638655462184,0.06029900332225913,4.674926829268292,30.4
Mexico City Grand Prix,INTERMEDIATE,prime,167.25264780829923,57.536,296.67,0.38433485714285714,0.27775822715988596,0.06394442716586936,4.6350549274910335,30.4
Mexico City Grand Prix,INTERMEDIATE,used,168.2578725315924,57.536,296.67,0.3875183440674165,0.27157445936573976,0.06319482579779116,4.667831419414472,29.45
Mexico City Grand Prix,MEDIUM,cliff,183.99923490930237,62.0,329.0,0.4397496087636933,0.2222222222222222,0.0641627543035993,4.634584013050571,31.0
Mexico City Grand Prix,MEDIUM,fresh,117.93063334279387,42.0,300.0,0.1736111111111111,0.21914310686371,0.17663024915893916,2.9787107834094146,34.0
Mexico City Grand Prix,MEDIUM,old,184.20555320161347,63.0,329.0,0.426517571884984,0.2270606531881804,0.0572337042925278,4.679626749611198,32.0
Mexico City Grand Prix,MEDIUM,prime,185.10807728434816,63.0,330.0,0.4364820846905538,0.2338267104143881,0.06355445083113245,4.708332584269662,32.0
Mexico City Grand Prix,MEDIUM,used,185.0691577994595,63.0,329.0,0.43591958339592407,0.23052657122057751,0.06413166144200624,4.7326042542963584,31.0
Mexico City Grand Prix,SOFT,cliff,189.4888120729853,64.5,330.0,0.49708236143149864,0.24183721634198518,0.03207676767676765,4.716248772504091,31.5
Mexico City Grand Prix,SOFT,fresh,189.4888120729853,64.5,330.0,0.49708236143149864,0.24183721634198518,0.03207676767676765,4.716248772504091,31.5
Mexico City Grand Prix,SOFT,old,189.4888120729853,64.5,330.0,0.49708236143149864,0.24183721634198518,0.03207676767676765,4.716248772504091,31.5
Mexico City Grand Prix,SOFT,prime,189.4888120729853,64.5,330.0,0.49708236143149864,0.24183721634198518,0.03207676767676765,4.716248772504091,31.5
Mexico City Grand Prix,SOFT,used,189.4888120729853,64.5,330.0,0.49708236143149864,0.24183721634198518,0.03207676767676765,4.716248772504091,31.5
Mexico City Grand Prix,WET,cliff,157.1198283040395,54.016,277.676,0.32919834525939173,0.3044363572528154,0.06752568659127624,4.504344868168398,27.900000000000002
Mexico City Grand Prix,WET,fresh,156.34015770323867,52.75,276.832,0.31764733021653546,0.2914374182629433,0.10198501022030429,4.338579137990676,30.150000000000002
Mexico City Grand Prix,WET,old,158.2669056217511,54.016,278.52,0.33136593591905567,0.3036974789915966,0.06578073089700995,4.482146341463415,28.8
Mexico City Grand Prix,WET,prime,157.0202833706391,54.016,278.52,0.32755811688311687,0.3060048265320778,0.06975755690822111,4.443918641821301,28.8
Mexico City Grand Prix,WET,used,157.96400936225135,54.016,278.52,0.33027131596654813,0.299192200996154,0.06893980996122671,4.47534352583037,27.900000000000002
Miami Grand Prix,HARD,cliff,207.80136079782687,62.5,324.5,0.54359299866929,0.1883410052312856,0.04370677989827815,5.3001659133590096,38.0
Miami Grand Prix,HARD,fresh,204.97887744742061,63.0,324.5,0.5013945022175801,0.20014081048520138,0.0548540568342548,5.234508390355165,37.0
Miami Grand Prix,HARD,old,208.89169182793623,65.0,322.0,0.5507246376811594,0.1860465116279069,0.046742209631728,5.398868458274399,34.0
Miami Grand Prix,HARD,prime,205.51812223852696,63.0,325.0,0.5196432305031267,0.20361148300613519,0.0510844010814623,5.28225360699045,36.0
Miami Grand Prix,HARD,used,207.43745266023785,64.0,322.0,0.5391061452513967,0.188034188034188,0.0539772727272727,5.334281650071124,35.0
Miami Grand Prix,INTERMEDIATE,cliff,186.81342335724636,56.1875,291.7255,0.4783618388289752,0.222242386172917,0.04807745788810597,5.141160935958239,36.1
Miami Grand Prix,INTERMEDIATE,fresh,184.27601082523114,56.637,291.7255,0.4412271619514705,0.23616615637253763,0.06033946251768029,5.0774731386445096,35.15
Miami Grand Prix,INTERMEDIATE,old,187.79363095331468,58.435,289.478,0.4846376811594203,0.2195348837209301,0.05141643059490081,5.236902404526167,32.3
Miami Grand Prix,INTERMEDIATE,prime,184.76079189243575,56.637,292.175,0.4572860428427515,0.2402615499472395,0.05619284118960853,5.123785998780736,34.199999999999996
Miami Grand Prix,INTERMEDIATE,used,186.48626994155384,57.536,289.478,0.47441340782122904,0.22188034188034184,0.059374999999999976,5.17425320056899,33.25
Miami Grand Prix,MEDIUM,cliff,206.1917321097823,63.0,322.0,0.4928571428571429,0.1942857142857142,0.1,5.454285714285715,47.0
Miami Grand Prix,MEDIUM,fresh,204.34540677332737,62.0,331.0,0.5115961800818554,0.1988555078683834,0.0533707865168539,5.197260273972603,37.0
Miami Grand Prix,MEDIUM,old,208.80862743579112,63.5,325.0,0.5371297216596455,0.19040737900423155,0.04816018618835515,5.406591997264022,35.5
Miami Grand Prix,MEDIUM,prime,205.1798344965312,63.0,330.0,0.5232067510548524,0.202231520223152,0.0549132947976878,5.282453637660485,36.0
Miami Grand Prix,MEDIUM,used,206.95696188797885,63.0,324.0,0.5314685314685315,0.1978021978021978,0.0505464480874316,5.311499272197962,35.0
Miami Grand Prix,SOFT,cliff,202.75554052346683,63.0,327.5,0.4971550497866287,0.2236614702780116,0.034138434890314553,5.364821850498067,37.0
Miami Grand Prix,SOFT,fresh,202.75554052346683,63.0,327.5,0.4971550497866287,0.2236614702780116,0.034138434890314553,5.364821850498067,37.0
Miami Grand Prix,SOFT,old,208.01578261429106,63.0,326.0,0.5314923004796422,0.2021283017045729,0.0290694866966053,5.450666763386651,40.0
Miami Grand Prix,SOFT,prime,206.29631575419347,63.0,339.0,0.5141242937853108,0.2094972067039106,0.0391608391608391,5.360335195530726,40.0
Miami Grand Prix,SOFT,used,207.09550818351158,63.0,331.5,0.5168329765802064,0.20241956195834598,0.03698386655728735,5.397010168550374,40.0
Miami Grand Prix,WET,cliff,175.38434851336586,52.75,273.878,0.4076947490019675,0.2448433068006713,0.052448135877933774,4.929154299423879,34.2
Miami Grand Prix,WET,fresh,173.002172565623,53.172,273.878,0.37604587666318506,0.26018305363076183,0.06582486820110577,4.8680928030303035,33.300000000000004
Miami Grand Prix,WET,old,176.30458790277817,54.86,271.768,0.41304347826086957,0.24186046511627896,0.0560906515580736,5.020947666195191,30.6
Miami Grand Prix,WET,prime,173.45729516931675,53.172,274.3,0.389732422877345,0.2646949279079758,0.06130128129775475,4.912495854501119,32.4
Miami Grand Prix,WET,used,175.07721004524075,54.016,271.768,0.4043296089385475,0.2444444444444444,0.06477272727272723,4.960881934566146,31.5
Monaco Grand Prix,HARD,cliff,150.8386782909616,43.0,284.0,0.3206611570247933,0.2902684563758389,0.0804597701149425,3.6885245901639343,39.0
Monaco Grand Prix,HARD,fresh,142.63739905938712,42.0,280.0,0.2891373801916932,0.2988871224165342,0.0828125,3.602543720190779,39.0
Monaco Grand Prix,HARD,old,148.15273663585546,43.0,282.0,0.2920065252854812,0.2920634920634921,0.0936507936507936,3.6859504132231407,39.0
Monaco Grand Prix,HARD,prime,146.78139707592516,43.0,279.0,0.2854829581993569,0.28696999094877806,0.09596234067498949,3.665301706705492,38.0
Monaco Grand Prix,HARD,used,147.81269010164684,44.0,281.0,0.2963222122704881,0.28644737900676936,0.10006289521996325,3.7164120269682472,38.0
Monaco Grand Prix,INTERMEDIATE,cliff,135.60397178357448,38.657000000000004,255.316,0.2821818181818181,0.3425167785234899,0.08850574712643676,3.5778688524590163,37.05
Monaco Grand Prix,INTERMEDIATE,fresh,128.23102175438902,37.758,251.72,0.25444089456869,0.35268680445151035,0.09109375,3.4944674085850553,37.05
Monaco Grand Prix,INTERMEDIATE,old,133.18931023563405,38.657000000000004,253.518,0.2569657422512235,0.3446349206349206,0.10301587301587296,3.5753719008264464,37.05
Monaco Grand Prix,INTERMEDIATE,prime,131.9564759712567,38.657000000000004,250.821,0.25122500321543406,0.3386245893195581,0.10555857474248845,3.555342655504327,36.1
Monaco Grand Prix,INTERMEDIATE,used,132.8836084013805,39.556,252.619,0.26076354679802954,0.33800790722798785,0.11006918474195959,3.6049196661591996,36.1
Monaco Grand Prix,MEDIUM,cliff,150.4167857918353,45.0,282.0,0.3143322475570032,0.2784184514003295,0.0903010033444816,3.726384364820847,45.0
Monaco Grand Prix,MEDIUM,fresh,141.61889717230653,43.0,281.0,0.2568149210903874,0.2845911949685534,0.103125,3.58600583090379,42.0
Monaco Grand Prix,MEDIUM,old,148.8174080628815,45.0,277.5,0.29338786527659383,0.2676377260791547,0.1151568118663466,3.749227977460125,40.0
Monaco Grand Prix,MEDIUM,prime,146.00400737294137,44.0,278.0,0.2686302807662031,0.2758895671781334,0.1095053484602917,3.731163194444444,40.0
Monaco Grand Prix,MEDIUM,used,147.76754702932465,44.0,276.5,0.28785122800023255,0.2726512617816965,0.1148166611277279,3.7380477086745265,40.0
Monaco Grand Prix,SOFT,cliff,152.54306667689895,45.0,283.0,0.32919548236230656,0.28501574539363483,0.0798471169686985,3.8525728588025245,47.5
Monaco Grand Prix,SOFT,fresh,152.54306667689895,45.0,283.0,0.32919548236230656,0.28501574539363483,0.0798471169686985,3.8525728588025245,47.5
Monaco Grand Prix,SOFT,old,151.10298976386204,42.0,286.0,0.3240589198036006,0.2565359477124183,0.1258169934640522,3.862126245847176,48.0
Monaco Grand Prix,SOFT,prime,152.4353122833651,45.0,284.0,0.333907056798623,0.2647554806070826,0.0985221674876847,3.887563884156729,48.0
Monaco Grand Prix,SOFT,used,150.30670073104903,42.0,286.0,0.33775482093663906,0.27339463146967224,0.1095385674931129,3.8449955847035424,48.0
Monaco Grand Prix,WET,cliff,127.30784447757159,36.292,239.696,0.240495867768595,0.3773489932885906,0.09655172413793099,3.430327868852459,35.1
Monaco Grand Prix,WET,fresh,120.38596480612273,35.448,236.32,0.2168530351437699,0.38855325914149447,0.09937499999999999,3.3503656597774243,35.1
Monaco Grand Prix,WET,old,125.040909720662,36.292,238.00799999999998,0.2190048939641109,0.37968253968253973,0.11238095238095232,3.427933884297521,35.1
Monaco Grand Prix,WET,prime,123.88349913208083,36.292,235.476,0.21411221864951765,0.3730609882334115,0.11515480880998738,3.4087305872361076,34.2
Monaco Grand Prix,WET,used,124.75391044578993,37.135999999999996,237.164,0.2222416592028661,0.37238159270880017,0.1200754742639559,3.45626318508047,34.2
Qatar Grand Prix,HARD,cliff,195.55032798192352,84.0,298.0,0.4566395663956639,0.2156862745098039,0.0567164179104477,4.724696356275303,45.0
Qatar Grand Prix,HARD,fresh,195.55032798192352,84.0,298.0,0.4566395663956639,0.2156862745098039,0.0567164179104477,4.724696356275303,45.0
Qatar Grand Prix,HARD,old,229.07374716977583,94.0,307.0,0.6578538102643857,0.1382488479262673,0.0287878787878787,5.76555023923445,35.0
Qatar Grand Prix,HARD,prime,226.43773303364745,93.0,305.0,0.646293593679231,0.1538425498306627,0.03645090317265765,5.666624610576783,35.0
Qatar Grand Prix,HARD,used,230.81454296000663,94.0,307.0,0.6810817773282829,0.14252038024944874,0.02897327017009885,5.7766126054040745,33.0
Qatar Grand Prix,INTERMEDIATE,cliff,175.79974485574925,75.516,267.902,0.4018428184281842,0.2545098039215686,0.06238805970149248,4.582955465587044,42.75
Qatar Grand Prix,INTERMEDIATE,fresh,175.79974485574925,75.516,267.902,0.4018428184281842,0.2545098039215686,0.06238805970149248,4.582955465587044,42.75
Qatar Grand Prix,INTERMEDIATE,old,205.93729870562848,84.506,275.993,0.5789113530326594,0.1631336405529954,0.03166666666666657,5.592583732057417,33.25
Qatar Grand Prix,INTERMEDIATE,prime,203.56752199724906,83.607,274.195,0.5687383624377232,0.18153420880018198,0.04009599348992342,5.496625872259479,33.25
Qatar Grand Prix,INTERMEDIATE,used,207.50227412104596,84.506,275.993,0.5993519640488889,0.16817404869434951,0.03187059718710874,5.6033142272419525,31.349999999999998
Qatar Grand Prix,MEDIUM,cliff,140.88535822949936,50.5,279.54285714285714,0.2890657893577852,0.23925435503863304,0.1143931589119427,3.478704743193938,54.0
Qatar Grand Prix,MEDIUM,fresh,140.88535822949936,50.5,279.54285714285714,0.2890657893577852,0.23925435503863304,0.1143931589119427,3.478704743193938,54.0
Qatar Grand Prix,MEDIUM,old,226.48845665697723,93.0,305.0,0.6712655587037115,0.1463973369429564,0.03139009770917145,5.689076689622972,33.0
Qatar Grand Prix,MEDIUM,prime,221.47583924625457,92.0,306.0,0.625,0.1643228139381985,0.0364842619954032,5.627351141418474,34.0
Qatar Grand Prix,MEDIUM,used,224.8521849835,93.0,305.0,0.661867509221189,0.150037147102526,0.0324574961360123,5.680846640053227,34.0
Qatar Grand Prix,SOFT,cliff,217.1619060325807,87.5,308.0,0.5965232745073246,0.1900853037336753,0.0378147930440066,5.405691732447029,35.0
Qatar Grand Prix,SOFT,fresh,217.1619060325807,87.5,308.0,0.5965232745073246,0.1900853037336753,0.0378147930440066,5.405691732447029,35.0
Qatar Grand Prix,SOFT,old,217.1619060325807,87.5,308.0,0.5965232745073246,0.1900853037336753,0.0378147930440066,5.405691732447029,35.0
Qatar Grand Prix,SOFT,prime,222.01282341566824,91.5,303.5,0.6481447963800906,0.1512012698754338,0.03595174424362995,5.575018678100912,32.0
Qatar Grand Prix,SOFT,used,221.60566149410872,91.0,302.5,0.6072510822510823,0.1555282769538298,0.019065074710235948,5.626309479155504,32.0
Qatar Grand Prix,WET,cliff,165.04447681674344,70.896,251.512,0.3424796747967479,0.2803921568627451,0.06805970149253723,4.393967611336032,40.5
Qatar Grand Prix,WET,fresh,165.04447681674344,70.896,251.512,0.3424796747967479,0.2803921568627451,0.06805970149253723,4.393967611336032,40.5
Qatar Grand Prix,WET,old,193.33824261129078,79.336,259.108,0.4933903576982893,0.1797235023041475,0.034545454545454435,5.361961722488039,31.5
Qatar Grand Prix,WET,prime,191.11344668039843,78.492,257.42,0.4847201952594232,0.19999531477986152,0.043741083807189184,5.269960887836408,31.5
Qatar Grand Prix,WET,used,194.8074742582456,79.336,259.108,0.5108113329962122,0.18527649432428336,0.034767924204118617,5.3722497230257895,29.7
Saudi Arabian Grand Prix,HARD,cliff,236.45267669549213,83.0,315.0,0.6840695871292886,0.13919620162102536,0.02663653218172545,6.093029377175277,36.0
Saudi Arabian Grand Prix,HARD,fresh,229.10513051313572,79.5,321.5,0.6123813491775958,0.1757219713190708,0.03358173890162755,5.8021566086634575,42.0
Saudi Arabian Grand Prix,HARD,old,235.2675136335534,82.0,316.0,0.6833602890126265,0.14234882655935285,0.0272684228650137,6.059063881948848,37.0
Saudi Arabian Grand Prix,HARD,prime,231.47748331331061,81.0,322.5,0.6475339577770969,0.15200676110394168,0.0326530612244898,5.96942727601663,38.0
Saudi Arabian Grand Prix,HARD,used,231.98265044393412,81.0,320.0,0.650718255418165,0.14700027580914005,0.030241249782708902,6.002687686820407,38.0
Saudi Arabian Grand Prix,INTERMEDIATE,cliff,212.57095634924744,74.617,283.185,0.6019812366737739,0.16425151791280992,0.029300185399898,5.9102384958600185,34.199999999999996
Saudi Arabian Grand Prix,INTERMEDIATE,fresh,205.96551233130901,71.4705,289.0285,0.5388955872762843,0.20735192615650352,0.036939912791790305,5.628091910403554,39.9
Saudi Arabian Grand Prix,INTERMEDIATE,old,211.5054947565645,73.718,284.084,0.6013570543311113,0.16797161534003635,0.02999526515151507,5.877291965490382,35.15
Saudi Arabian Grand Prix,INTERMEDIATE,prime,208.09825749866624,72.819,289.9275,0.5698298828438453,0.17936797810265118,0.03591836734693878,5.790344457736131,36.1
Saudi Arabian Grand Prix,INTERMEDIATE,used,208.55240274909679,72.819,287.68,0.5726320647679852,0.17346032545478524,0.03326537476097979,5.822607056215794,36.1
Saudi Arabian Grand Prix,MEDIUM,cliff,233.88238862080777,82.5,309.5,0.6794434731934732,0.13384340378722395,0.0332400230837668,6.063346975898135,36.5
Saudi Arabian Grand Prix,MEDIUM,fresh,228.5984623546174,79.0,320.0,0.6266149870801033,0.1581769436997319,0.0372836218375499,5.880108991825613,42.0
Saudi Arabian Grand Prix,MEDIUM,old,234.05994239025765,82.0,311.0,0.6599732262382865,0.1390449438202247,0.03125,6.028925619834711,38.0
Saudi Arabian Grand Prix,MEDIUM,prime,229.1402770902633,81.0,313.0,0.6292286874154263,0.157103825136612,0.0384615384615384,5.941095890410959,40.0
Saudi Arabian Grand Prix,MEDIUM,used,231.8503458170499,82.5,311.0,0.6560980134666662,0.14411329544122808,0.0312972096329867,6.016506470899872,38.0
Saudi Arabian Grand Prix,SOFT,cliff,230.66052795916823,84.0,321.0,0.6426666666666667,0.1586666666666666,0.0194444444444444,5.958666666666667,37.0
Saudi Arabian Grand Prix,SOFT,fresh,230.66052795916823,84.0,321.0,0.6426666666666667,0.1586666666666666,0.0194444444444444,5.958666666666667,37.0
Saudi Arabian Grand Prix,SOFT,old,230.66052795916823,84.0,321.0,0.6426666666666667,0.1586666666666666,0.0194444444444444,5.958666666666667,37.0
Saudi Arabian Grand Prix,SOFT,prime,237.56455421774913,84.0,313.0,0.6937127364819269,0.1378830083565459,0.023432840031597048,6.157975941422594,38.0
Saudi Arabian Grand Prix,SOFT,used,236.14349473953703,82.5,313.0,0.696565582754841,0.12860705852029575,0.0294323900668261,6.090659283626145,35.0
Saudi Arabian Grand Prix,WET,cliff,199.56605913099534,70.05199999999999,265.86,0.5130521903469665,0.18095506210733298,0.03196383861807054,5.666517320773008,32.4
Saudi Arabian Grand Prix,WET,fresh,193.36473015308655,67.098,271.346,0.45928601188319684,0.22843856271479204,0.04029808668195306,5.396005646057016,37.800000000000004
Saudi Arabian Grand Prix,WET,old,198.56578150671905,69.208,266.704,0.5125202167594698,0.18505347452715873,0.032722107438016436,5.634929410212429,33.300000000000004
Saudi Arabian Grand Prix,WET,prime,195.36699591643415,68.364,272.19,0.48565046833282266,0.1976087894351242,0.03918367346938776,5.5515673666954655,34.2
Saudi Arabian Grand Prix,WET,used,195.7933569746804,68.364,270.08,0.4880386915636237,0.19110035855188207,0.036289499739250684,5.5824995487429785,34.2
Singapore Grand Prix,HARD,cliff,178.48304592976038,62.0,294.0,0.4438426198049136,0.26545710094448016,0.0190011820330969,4.73445569361354,43.0
Singapore Grand Prix,HARD,fresh,179.03064518482682,62.0,295.0,0.4553011937098751,0.2577244616310521,0.05133459819801235,4.671280443694236,50.0
Singapore Grand Prix,HARD,old,178.62230829793154,60.0,295.0,0.449438202247191,0.2517385257301808,0.0463847203274215,4.662030598052851,48.0
Singapore Grand Prix,HARD,prime,178.90086364002775,61.0,294.0,0.4508087722357865,0.25345521055460196,0.053727358014000096,4.657567374652428,48.0
Singapore Grand Prix,HARD,used,178.94657154702202,61.0,293.0,0.4490358126721763,0.2503311258278146,0.0488771466314399,4.656657963446476,49.0
Singapore Grand Prix,INTERMEDIATE,cliff,160.45625829085458,55.738,264.306,0.3905815054283239,0.31323937911448657,0.02090130023640659,4.592422022805133,40.85
Singapore Grand Prix,INTERMEDIATE,fresh,160.94855002115932,55.738,265.205,0.4006650504646901,0.3041148647246415,0.05646805801781359,4.531142030383409,47.5
Singapore Grand Prix,INTERMEDIATE,old,160.58145515984046,53.94,265.205,0.3955056179775281,0.29705146036161334,0.05102319236016365,4.522169680111266,45.599999999999994
Singapore Grand Prix,INTERMEDIATE,prime,160.83187641238496,54.839,264.306,0.3967117195674921,0.2990771484544303,0.05910009381540011,4.517840353412855,45.599999999999994
Singapore Grand Prix,INTERMEDIATE,used,160.8729678207728,54.839,263.407,0.39515151515151514,0.2953907284768212,0.05376486129458389,4.516958224543082,46.55
Singapore Grand Prix,MEDIUM,cliff,175.96718416987608,60.0,293.0,0.43536263651810136,0.23936904110625964,0.06845867755459555,4.515955470225745,50.5
Singapore Grand Prix,MEDIUM,fresh,176.36522527208453,62.0,300.5,0.44320396218541014,0.25451105840458677,0.06328564972537015,4.469701127462937,51.0
Singapore Grand Prix,MEDIUM,old,177.0622587497999,61.0,293.0,0.4571428571428571,0.238276299112801,0.0594315245478036,4.504563233376793,48.0
Singapore Grand Prix,MEDIUM,prime,177.86377147371618,62.0,293.0,0.4589623406141249,0.2505024566541411,0.0596821175278622,4.602153490388785,48.0
Singapore Grand Prix,MEDIUM,used,177.4200204918877,61.0,292.0,0.4552631578947368,0.2463576158940397,0.0582781456953642,4.586754966887417,48.0
Singapore Grand Prix,SOFT,cliff,179.46804242480627,64.0,293.0,0.46596733030604365,0.23597757518744977,0.0583530059521667,4.4161590155973265,48.0
Singapore Grand Prix,SOFT,fresh,179.46804242480627,64.0,293.0,0.46596733030604365,0.23597757518744977,0.0583530059521667,4.4161590155973265,48.0
Singapore Grand Prix,SOFT,old,180.21992012322508,64.0,292.0,0.487071727155526,0.2181029679712087,0.0727272727272727,4.381818181818182,42.0
Singapore Grand Prix,SOFT,prime,178.98387024134092,64.0,291.0,0.4738955823293173,0.2270861833105335,0.0594594594594594,4.423562412342216,45.0
Singapore Grand Prix,SOFT,used,180.22553890296894,63.0,292.0,0.485848825276312,0.22549893052751868,0.0733237099605667,4.432231704078774,44.5
Singapore Grand Prix,WET,cliff,150.63969076471776,52.327999999999996,248.136,0.33288196485368515,0.34509423122782423,0.022801418439716278,4.403043795060592,38.7
Singapore Grand Prix,WET,fresh,151.10186453599383,52.327999999999996,248.98,0.3414758952824063,0.33504180012036777,0.06160151783761482,4.34429081263564,45.0
Singapore Grand Prix,WET,old,150.75722820345422,50.64,248.98,0.33707865168539325,0.3272600834492351,0.0556616643929058,4.3356884561891516,43.2
Singapore Grand Prix,WET,prime,150.9923289121834,51.484,248.136,0.3381065791768399,0.32949177372098254,0.0644728296168001,4.331537658426758,43.2
Singapore Grand Prix,WET,used,151.0309063856866,51.484,247.292,0.3367768595041322,0.32543046357615896,0.058652575957727875,4.330691906005224,44.1
Spanish Grand Prix,HARD,cliff,204.36606379412905,91.0,305.0,0.5056726094003241,0.1847649918962723,0.06645056726094,5.393841166936791,31.0
Spanish Grand Prix,HARD,fresh,209.15316843899427,96.0,307.0,0.5212668233283486,0.17133488774826075,0.056208202514536704,5.4277527215345085,30.5
Spanish Grand Prix,HARD,old,206.6749766347772,91.0,309.0,0.519134775374376,0.1881028938906752,0.0455284552845528,5.4332247557003255,31.0
Spanish Grand Prix,HARD,prime,208.67022135873162,93.0,306.0,0.5376416553002998,0.1762329365141605,0.052020874366430755,5.425439253367806,31.5
Spanish Grand Prix,HARD,used,209.0316396890258,92.0,308.0,0.5370273234466645,0.17828640502437287,0.0480928689883913,5.425527810524059,31.0
Spanish Grand Prix,INTERMEDIATE,cliff,183.725091350922,81.809,274.195,0.4449918962722852,0.2180226904376013,0.073095623987034,5.232025931928687,29.45
Spanish Grand Prix,INTERMEDIATE,fresh,188.02869842665586,86.304,275.993,0.4587148045289468,0.20217516754294768,0.06182902276599038,5.264920139888473,28.974999999999998
Spanish Grand Prix,INTERMEDIATE,old,185.8008039946647,81.809,277.791,0.4568386023294509,0.2219614147909967,0.05008130081300809,5.270228013029316,29.45
Spanish Grand Prix,INTERMEDIATE,prime,187.59452900149972,83.607,275.094,0.47312465666426384,0.20795486508670938,0.05722296180307383,5.262676075766771,29.924999999999997
Spanish Grand Prix,INTERMEDIATE,used,187.9194440804342,82.708,276.892,0.47258404463306475,0.21037795792876,0.05290215588723044,5.2627619762083375,29.45
Spanish Grand Prix,MEDIUM,cliff,207.51967723704337,95.0,307.0,0.5317086584401747,0.17822607709337623,0.053256187818490605,5.356128971611206,31.0
Spanish Grand Prix,MEDIUM,fresh,207.51967723704337,95.0,307.0,0.5317086584401747,0.17822607709337623,0.053256187818490605,5.356128971611206,31.0
Spanish Grand Prix,MEDIUM,old,206.00832816332476,92.0,307.0,0.541871921182266,0.1980830670926517,0.0426929392446633,5.425531914893617,33.0
Spanish Grand Prix,MEDIUM,prime,206.4706445315449,93.0,308.0,0.5317381777055206,0.17771012774889886,0.05613158978583195,5.362885154061624,30.0
Spanish Grand Prix,MEDIUM,used,207.0082156606897,93.0,308.0,0.5340990115054286,0.17851401010564988,0.0511129778546223,5.361536874251991,31.0
Spanish Grand Prix,SOFT,cliff,201.9823991363306,92.0,307.0,0.49768875192604,0.1890625,0.0546623794212218,5.294392523364486,34.0
Spanish Grand Prix,SOFT,fresh,201.9823991363306,92.0,307.0,0.49768875192604,0.1890625,0.0546623794212218,5.294392523364486,34.0
Spanish Grand Prix,SOFT,old,206.9651355071461,92.0,310.0,0.5174129353233831,0.1973466003316749,0.0348258706467661,5.714759535655058,36.0
Spanish Grand Prix,SOFT,prime,205.09179166269513,93.0,307.0,0.5376191456392838,0.1824268298148895,0.0536723516119538,5.338062068501748,31.0
Spanish Grand Prix,SOFT,used,207.44277121736872,93.0,307.0,0.5484623244775528,0.17686985904723346,0.0458926547371096,5.383695252116305,31.0
Spanish Grand Prix,WET,cliff,172.4849578422449,76.804,257.42,0.3792544570502431,0.24019448946515398,0.079740680713128,5.016272285251215,27.900000000000002
Spanish Grand Prix,WET,fresh,176.52527416251115,81.024,259.108,0.39095011749626146,0.22273535407273898,0.06744984301744404,5.047810031027093,27.45
Spanish Grand Prix,WET,old,174.43368027975197,76.804,260.796,0.389351081530782,0.24453376205787777,0.05463414634146336,5.052899022801303,27.900000000000002
Spanish Grand Prix,WET,prime,176.1176668267695,78.492,258.264,0.4032312414752249,0.22910281746840866,0.0624250492397169,5.045658505632059,28.35
Spanish Grand Prix,WET,used,176.4227038975378,77.648,259.952,0.40277049258499836,0.23177232653168475,0.05771144278606956,5.045740863787375,27.900000000000002
São Paulo Grand Prix,HARD,cliff,152.80200682676036,65.0,285.98068189090907,0.17856515730385916,0.23732590338384782,0.06617680280601625,3.8878916882492645,30.5
São Paulo Grand Prix,HARD,fresh,152.80200682676036,65.0,285.98068189090907,0.17856515730385916,0.23732590338384782,0.06617680280601625,3.8878916882492645,30.5
São Paulo Grand Prix,HARD,old,152.80200682676036,65.0,285.98068189090907,0.17856515730385916,0.23732590338384782,0.06617680280601625,3.8878916882492645,30.5
São Paulo Grand Prix,HARD,prime,152.80200682676036,65.0,285.98068189090907,0.17856515730385916,0.23732590338384782,0.06617680280601625,3.8878916882492645,30.5
São Paulo Grand Prix,HARD,used,152.80200682676036,65.0,285.98068189090907,0.17856515730385916,0.23732590338384782,0.06617680280601625,3.8878916882492645,30.5
São Paulo Grand Prix,INTERMEDIATE,cliff,186.10609324391467,69.0,310.0,0.4199346405228758,0.2300319488817891,0.0603015075376884,4.727868852459016,32.0
São Paulo Grand Prix,INTERMEDIATE,fresh,171.68660821099886,65.0,305.4613637818182,0.3041018387553041,0.2454819277108433,0.0689655172413793,4.368584758942458,33.0
São Paulo Grand Prix,INTERMEDIATE,old,184.60125261061717,68.0,309.5,0.4093057680586135,0.2293130454240322,0.06932308864617726,4.707019471403283,33.0
São Paulo Grand Prix,INTERMEDIATE,prime,178.72711992091166,67.0,308.0,0.3571428571428571,0.2420027816411682,0.0681481481481481,4.513636363636364,33.0
São Paulo Grand Prix,INTERMEDIATE,used,181.83558644104187,68.0,311.0,0.3872472783825816,0.2372611464968153,0.0642054574638844,4.671974522292993,33.0
São Paulo Grand Prix,MEDIUM,cliff,152.80200682676036,65.0,285.98068189090907,0.17856515730385916,0.23732590338384782,0.06617680280601625,3.8878916882492645,30.5
São Paulo Grand Prix,MEDIUM,fresh,152.80200682676036,65.0,285.98068189090907,0.17856515730385916,0.23732590338384782,0.06617680280601625,3.8878916882492645,30.5
São Paulo Grand Prix,MEDIUM,old,152.80200682676036,65.0,285.98068189090907,0.17856515730385916,0.23732590338384782,0.06617680280601625,3.8878916882492645,30.5
São Paulo Grand Prix,MEDIUM,prime,152.80200682676036,65.0,285.98068189090907,0.17856515730385916,0.23732590338384782,0.06617680280601625,3.8878916882492645,30.5
São Paulo Grand Prix,MEDIUM,used,152.80200682676036,65.0,285.98068189090907,0.17856515730385916,0.23732590338384782,0.06617680280601625,3.8878916882492645,30.5
São Paulo Grand Prix,SOFT,cliff,152.80200682676036,65.0,285.98068189090907,0.17856515730385916,0.23732590338384782,0.06617680280601625,3.8878916882492645,30.5
São Paulo Grand Prix,SOFT,fresh,152.80200682676036,65.0,285.98068189090907,0.17856515730385916,0.23732590338384782,0.06617680280601625,3.8878916882492645,30.5
São Paulo Grand Prix,SOFT,old,152.80200682676036,65.0,285.98068189090907,0.17856515730385916,0.23732590338384782,0.06617680280601625,3.8878916882492645,30.5
São Paulo Grand Prix,SOFT,prime,152.80200682676036,65.0,285.98068189090907,0.17856515730385916,0.23732590338384782,0.06617680280601625,3.8878916882492645,30.5
São Paulo Grand Prix,SOFT,used,152.80200682676036,65.0,285.98068189090907,0.17856515730385916,0.23732590338384782,0.06617680280601625,3.8878916882492645,30.5
São Paulo Grand Prix,WET,cliff,127.69430778076155,65.0,251.5,0.03984904063205415,0.23739066027088035,0.042972864936042104,3.087654016177577,28.5
São Paulo Grand Prix,WET,fresh,127.69430778076155,65.0,251.5,0.03984904063205415,0.23739066027088035,0.042972864936042104,3.087654016177577,28.5
São Paulo Grand Prix,WET,old,127.69430778076155,65.0,251.5,0.03984904063205415,0.23739066027088035,0.042972864936042104,3.087654016177577,28.5
São Paulo Grand Prix,WET,prime,129.9962400029407,57.0,236.49376470723428,0.0435422283175366,0.22699704648236574,0.10655681079323795,3.4071986175560713,23.0
São Paulo Grand Prix,WET,used,133.91740544252184,62.5,266.5,0.0530284758524142,0.20809826292581385,0.08643949602302811,3.3152962673615667,29.0
United States Grand Prix,HARD,cliff,196.12223261689564,74.0,309.0,0.5,0.2018469656992084,0.0530612244897959,5.151358344113842,42.0
United States Grand Prix,HARD,fresh,194.90603138701627,74.0,307.0,0.4967824967824968,0.2046332046332046,0.0577427821522309,5.040051679586563,44.0
United States Grand Prix,HARD,old,196.15331208754336,73.0,310.0,0.5112285336856011,0.2082777036048064,0.0504527813712807,5.1043024771838335,43.0
United States Grand Prix,HARD,prime,195.6112449974549,73.0,310.0,0.509395089706001,0.2082275803722504,0.0517786302803086,5.063929748248203,44.0
United States Grand Prix,HARD,used,196.6671888913275,73.0,309.0,0.5180883383968217,0.2064870784056066,0.05038480038480035,5.0852412488174075,43.0
United States Grand Prix,INTERMEDIATE,cliff,176.3138871225892,66.526,277.791,0.44,0.2381794195250659,0.058367346938775495,4.996817593790427,39.9
United States Grand Prix,INTERMEDIATE,fresh,175.22052221692763,66.526,275.993,0.4371685971685972,0.24146718146718144,0.063517060367454,4.888850129198966,41.8
United States Grand Prix,INTERMEDIATE,old,176.34182756670148,65.627,278.69,0.44988110964332895,0.24576769025367154,0.055498059508408776,4.951173402868318,40.85
United States Grand Prix,INTERMEDIATE,prime,175.85450925271195,65.627,278.69,0.4482676789412809,0.24570854483925544,0.05695649330833947,4.912011855800757,41.8
United States Grand Prix,INTERMEDIATE,used,176.80380281330343,65.627,277.791,0.4559177377892031,0.24365475251861576,0.05542328042328039,4.932684011352885,40.85
United States Grand Prix,MEDIUM,cliff,174.57203580110087,62.0,307.5,0.40074541735504676,0.21071637388045816,0.0677658557246176,4.4025661280129995,46.0
United States Grand Prix,MEDIUM,fresh,174.57203580110087,62.0,307.5,0.40074541735504676,0.21071637388045816,0.0677658557246176,4.4025661280129995,46.0
United States Grand Prix,MEDIUM,old,194.6036516669045,73.5,307.0,0.5097817561807332,0.1970475546540455,0.04886655083974515,5.040485973773211,41.5
United States Grand Prix,MEDIUM,prime,193.9276715595713,73.0,309.0,0.5077425671355499,0.20558014821279014,0.0540829916694957,5.053824412647942,44.0
United States Grand Prix,MEDIUM,used,194.98235099465424,73.0,308.0,0.5208890100899918,0.20397801148800998,0.0526992287917737,5.028320783319665,43.0
United States Grand Prix,SOFT,cliff,202.4415437560224,77.0,311.0,0.5783783783783784,0.2378378378378378,0.0202702702702702,5.235135135135135,44.0
United States Grand Prix,SOFT,fresh,202.4415437560224,77.0,311.0,0.5783783783783784,0.2378378378378378,0.0202702702702702,5.235135135135135,44.0
United States Grand Prix,SOFT,old,202.4415437560224,77.0,311.0,0.5783783783783784,0.2378378378378378,0.0202702702702702,5.235135135135135,44.0
United States Grand Prix,SOFT,prime,196.4743889770504,75.0,306.0,0.5044457987592392,0.23700508909828674,0.027716573166856752,5.1086472999651,43.0
United States Grand Prix,SOFT,used,196.4743889770504,75.0,306.0,0.5044457987592392,0.23700508909828674,0.027716573166856752,5.1086472999651,43.0
United States Grand Prix,WET,cliff,165.52716432865992,62.455999999999996,260.796,0.375,0.2624010554089709,0.06367346938775507,4.790763260025874,37.800000000000004
United States Grand Prix,WET,fresh,164.50069049064172,62.455999999999996,259.108,0.3725868725868726,0.266023166023166,0.06929133858267708,4.687248062015504,39.6
United States Grand Prix,WET,old,165.55339540188658,61.611999999999995,261.64,0.3834214002642008,0.27076101468624836,0.06054333764553684,4.747001303780966,38.7
United States Grand Prix,WET,prime,165.09589077785193,61.611999999999995,261.64,0.3820463172795008,0.2706958544839255,0.06213435633637032,4.709454665870829,39.6
United States Grand Prix,WET,used,165.9871074242804,61.611999999999995,260.796,0.3885662537976162,0.2684332019272886,0.06046176046176042,4.729274361400189,38.7
